country,year,true_renew_share
Australia,2000,0.07999086688484663
Australia,2001,0.07651078416097225
Australia,2002,0.07236931730790358
Australia,2003,0.07813335024139274
Australia,2004,0.07487939623698749
Australia,2005,0.07249507981631315
Australia,2006,0.07659665850620624
Australia,2007,0.07089246865194093
Australia,2008,0.0628152996657361
Australia,2009,0.06388568757505178
Australia,2010,0.07516395486442308
Australia,2011,0.0956496051361837
Australia,2012,0.09314342629482071
Australia,2013,0.11906785095876354
Australia,2014,0.131989904088844
Australia,2015,0.11892059380847016
Australia,2016,0.1313409818445218
Australia,2017,0.14320760859454934
Australia,2018,0.15752860552152645
Australia,2019,0.18379528978645718
Australia,2020,0.21335425041670752
Australia,2021,0.2540011297307475
Austria,2000,0.7066784204254207
Austria,2001,0.6717001072875466
Austria,2002,0.6747627962047392
Austria,2003,0.5929803569648021
Austria,2004,0.6222721037535852
Austria,2005,0.6103878613754714
Austria,2006,0.61566639360732
Austria,2007,0.634019668100799
Austria,2008,0.6388822403063666
Austria,2009,0.6611128803450971
Austria,2010,0.6145777677793088
Austria,2011,0.6061448693987327
Austria,2012,0.6961624287170446
Austria,2013,0.7249864673094085
Austria,2014,0.7559219977381789
Austria,2015,0.7101309441764301
Austria,2016,0.7223295853829936
Austria,2017,0.7012619181155356
Austria,2018,0.7098259830355321
Austria,2019,0.7187929408594907
Austria,2020,0.7467195942220752
Austria,2021,0.7362978429242555
Belgium,2000,0.020413750416607153
Belgium,2001,0.021059620901767707
Belgium,2002,0.01884999207983526
Belgium,2003,0.016589861751152075
Belgium,2004,0.020781133106126278
Belgium,2005,0.0213826347794624
Belgium,2006,0.023596727668227173
Belgium,2007,0.024743484972305458
Belgium,2008,0.0288622172723072
Belgium,2009,0.03201219512195122
Belgium,2010,0.03748216267639131
Belgium,2011,0.05464836595538098
Belgium,2012,0.07912386961600058
Belgium,2013,0.09592650704866393
Belgium,2014,0.12359736428551736
Belgium,2015,0.14414427339636446
Belgium,2016,0.11685474638443027
Belgium,2017,0.12959649021532066
Belgium,2018,0.1703715549869396
Belgium,2019,0.1621866957143925
Belgium,2020,0.21514175834004115
Belgium,2021,0.18877764286709528
Brazil,2000,0.8724456163480554
Brazil,2001,0.8155387387826172
Brazil,2002,0.8278189376603765
Brazil,2003,0.838990610393068
Brazil,2004,0.8281210882352182
Brazil,2005,0.8375244707009103
Brazil,2006,0.8323663306600658
Brazil,2007,0.8416545545628747
Brazil,2008,0.7998691334083404
Brazil,2009,0.8414682024624507
Brazil,2010,0.7862241207803565
Brazil,2011,0.8105920561459463
Brazil,2012,0.7610268627319646
Brazil,2013,0.6964778098164452
Brazil,2014,0.646812778403907
Brazil,2015,0.6503450121994677
Brazil,2016,0.7092616549278904
Brazil,2017,0.6953164352924583
Brazil,2018,0.7261338146700088
Brazil,2019,0.727481248854711
Brazil,2020,0.7382451173738788
Brazil,2021,0.6886931207657311
Canada,2000,0.5919023973534616
Canada,2001,0.5652216613638172
Canada,2002,0.5833006605441182
Canada,2003,0.5733544322026576
Canada,2004,0.5693543203771141
Canada,2005,0.5853122640856463
Canada,2006,0.582279206759515
Canada,2007,0.5899967534327674
Canada,2008,0.6019344228140675
Canada,2009,0.6166429096928453
Canada,2010,0.5973085966822265
Canada,2011,0.6099791240297723
Canada,2012,0.6206038452964603
Canada,2013,0.625090040392804
Canada,2014,0.6178181018198922
Canada,2015,0.6259155186293421
Canada,2016,0.6303587610398705
Canada,2017,0.6476296174545323
Canada,2018,0.6418630062145735
Canada,2019,0.6412531796867817
Canada,2020,0.6540915037892674
Canada,2021,0.6564435470290797
China,2000,0.1646092386582068
China,2001,0.18793894995708832
China,2002,0.17471725899003968
China,2003,0.14910336490026194
China,2004,0.16113804298793466
China,2005,0.1596706373931899
China,2006,0.153458593788702
China,2007,0.14960938570762863
China,2008,0.1729476351473018
China,2009,0.17278700886655715
China,2010,0.18242116847627837
China,2011,0.16371016258033433
China,2012,0.19514782105487635
China,2013,0.19773254269542026
China,2014,0.2159987334326005
China,2015,0.2315756029609334
China,2016,0.23997352834057922
China,2017,0.2402306611798682
China,2018,0.24854140609096834
China,2019,0.2579966257619253
China,2020,0.26838449287052807
China,2021,0.2702991389627246
Czechia,2000,0.03149756349876133
Czechia,2001,0.03306183688779338
Czechia,2002,0.03728977838319275
Czechia,2003,0.021615581481970996
Czechia,2004,0.030498144261439767
Czechia,2005,0.03691055729128823
Czechia,2006,0.039200578466352935
Czechia,2007,0.030046032789859182
Czechia,2008,0.03148947362128947
Czechia,2009,0.04085132259045302
Czechia,2010,0.05041733117586115
Czechia,2011,0.05993575454119369
Czechia,2012,0.06205815735889634
Czechia,2013,0.07079493286389837
Czechia,2014,0.06455170172261689
Czechia,2015,0.07042387831974443
Czechia,2016,0.06998043428681175
Czechia,2017,0.06695997794421725
Czechia,2018,0.06420319652857451
Czechia,2019,0.07112326500597481
Czechia,2020,0.07886311502557623
Czechia,2021,0.07609603463081248
Denmark,2000,0.11849221978753502
Denmark,2001,0.11489835405126031
Denmark,2002,0.12497772800162904
Denmark,2003,0.12090243796821548
Denmark,2004,0.1635419243136285
Denmark,2005,0.18316503890084423
Denmark,2006,0.1344631777422113
Denmark,2007,0.18315698443381828
Denmark,2008,0.18999890758138518
Denmark,2009,0.18536129511035374
Denmark,2010,0.20164174879699442
Denmark,2011,0.2783376387430096
Denmark,2012,0.3384585315004235
Denmark,2013,0.33542500215883253
Denmark,2014,0.4253620036044994
Denmark,2015,0.509900819020631
Denmark,2016,0.4435383506910329
Denmark,2017,0.501257334450964
Denmark,2018,0.4896419984849982
Denmark,2019,0.5803544200860637
Denmark,2020,0.610165361183638
Denmark,2021,0.5258730254796344
Egypt,2000,0.17703441127164302
Egypt,2001,0.18432554453543382
Egypt,2002,0.1464626079156856
Egypt,2003,0.1406448630532763
Egypt,2004,0.12998153979802368
Egypt,2005,0.12140951329469132
Egypt,2006,0.1173325708145953
Egypt,2007,0.13059322778892182
Egypt,2008,0.11928801994890388
Egypt,2009,0.10086771022514342
Egypt,2010,0.09212704162893101
Egypt,2011,0.09357671863248734
Egypt,2012,0.08837585919283057
Egypt,2013,0.08824701787785942
Egypt,2014,0.08875047101407904
Egypt,2015,0.08490135307167143
Egypt,2016,0.08269676445279713
Egypt,2017,0.07949673764347504
Egypt,2018,0.08863149249844761
Egypt,2019,0.12034375237660659
Egypt,2020,0.12360850222441917
Egypt,2021,0.12162103506648211
Estonia,2000,0.0005873370139786209
Estonia,2001,0.0008251797713073205
Estonia,2002,0.0008209217778820218
Estonia,2003,0.0018702628211438135
Estonia,2004,0.0029114906832298135
Estonia,2005,0.007447329740323371
Estonia,2006,0.009247842170160296
Estonia,2007,0.00918785890073831
Estonia,2008,0.015215953123523297
Estonia,2009,0.025857159129741427
Estonia,2010,0.023449552607219995
Estonia,2011,0.03086946405025983
Estonia,2012,0.039776050806384224
Estonia,2013,0.04180790960451977
Estonia,2014,0.05069901976538647
Estonia,2015,0.07311785573512022
Estonia,2016,0.05243261012491782
Estonia,2017,0.057987536099711204
Estonia,2018,0.0550881734347193
Estonia,2019,0.10232497044529094
Estonia,2020,0.18416721527320606
Estonia,2021,0.15400638800166644
Finland,2000,0.21064364925117182
Finland,2001,0.1782482614182531
Finland,2002,0.1446467880728437
Finland,2003,0.1148637430922847
Finland,2004,0.17697012056613665
Finland,2005,0.19774163384432292
Finland,2006,0.1415710953445427
Finland,2007,0.17686011446858269
Finland,2008,0.22441626201053827
Finland,2009,0.1799247942943568
Finland,2010,0.16388179586979695
Finland,2011,0.17592957918939878
Finland,2012,0.2465381829543679
Finland,2013,0.19111104873907125
Finland,2014,0.21311716157076982
Finland,2015,0.2785317570226971
Finland,2016,0.2747211193042163
Finland,2017,0.2904936095848822
Finland,2018,0.2736899035040278
Finland,2019,0.27083758193736346
Finland,2020,0.35163930876174804
Finland,2021,0.34104270660011093
France,2000,0.13277612537364294
France,2001,0.1440012374210689
France,2002,0.11912074310050924
France,2003,0.11495897409660978
France,2004,0.11492144453560908
France,2005,0.10030899559073708
France,2006,0.11202378280964881
France,2007,0.11901531678738853
France,2008,0.12995181289810998
France,2009,0.13154663720975363
France,2010,0.1380077184267338
France,2011,0.11573201580889853
France,2012,0.148634146767059
France,2013,0.17030387807117664
France,2014,0.16439632859718414
France,2015,0.15639501497679761
France,2016,0.1713836784366104
France,2017,0.1608513074335616
France,2018,0.1907437210268953
France,2019,0.19208482890539
France,2020,0.22810737776443324
France,2021,0.2114927758460575
Germany,2000,0.061159108080491985
Germany,2001,0.06429477176843343
Germany,2002,0.07459177363567793
Germany,2003,0.06942401880326168
Germany,2004,0.08580918958886467
Germany,2005,0.08902544317733192
Germany,2006,0.09425664803456885
Germany,2007,0.11174206987738403
Germany,2008,0.11274116100377249
Germany,2009,0.11853591720609118
Germany,2010,0.12265763204447815
Germany,2011,0.15166288004201442
Germany,2012,0.16860200473011902
Germany,2013,0.17630941551680676
Germany,2014,0.19129317018314576
Germany,2015,0.22270398837591335
Germany,2016,0.22189441447369432
Germany,2017,0.26220891723252815
Germany,2018,0.2770645840229332
Germany,2019,0.3231825768597683
Germany,2020,0.3598917044044611
Germany,2021,0.3202721327127745
Greece,2000,0.08472624619270486
Greece,2001,0.06481826307165202
Greece,2002,0.0753369469674773
Greece,2003,0.10865215234902773
Greece,2004,0.10661207158022444
Greece,2005,0.11457847384205265
Greece,2006,0.1344815673888368
Greece,2007,0.08181617739700138
Greece,2008,0.1003309855840876
Greece,2009,0.13390717464664742
Greece,2010,0.18064628516679732
Greece,2011,0.13796352379029544
Greece,2012,0.16625928903033185
Greece,2013,0.24795282754759237
Greece,2014,0.23948963822958355
Greece,2015,0.2828199097813934
Greece,2016,0.2689432208526975
Greece,2017,0.24438839848675914
Greece,2018,0.2975779196395043
Greece,2019,0.3238040393237629
Greece,2020,0.35640116893614376
Greece,2021,0.3965016175906125
Hungary,2000,0.005058111448950016
Hungary,2001,0.005135246464369078
Hungary,2002,0.005393146555300495
Hungary,2003,0.005125201347195783
Hungary,2004,0.006259641628100154
Hungary,2005,0.005929074840586196
Hungary,2006,0.00638612342787027
Hungary,2007,0.008008008008008008
Hungary,2008,0.010443472829481574
Hungary,2009,0.015567995098448771
Hungary,2010,0.019320827423800476
Hungary,2011,0.02357089313973181
Hungary,2012,0.02858462782237108
Hungary,2013,0.031526475637131915
Hungary,2014,0.03486157404258214
Hungary,2015,0.035179024342040253
Hungary,2016,0.03720886492586439
Hungary,2017,0.04034634665046331
Hungary,2018,0.045841519318926
Hungary,2019,0.07182642675920796
Hungary,2020,0.09659318637274548
Hungary,2021,0.12967884828349946
India,2000,0.13572166969664565
India,2001,0.13101664708490549
India,2002,0.11963103671383778
India,2003,0.13202549871475733
India,2004,0.14090353295061922
India,2005,0.1613986993242528
India,2006,0.16994504112466946
India,2007,0.17131297164501952
India,2008,0.15698175995758626
India,2009,0.14511693774938125
India,2010,0.14876066209104008
India,2011,0.15876728030107048
India,2012,0.14239276331845133
India,2013,0.1569645303699193
India,2014,0.1440609101598426
India,2015,0.13402364052961033
India,2016,0.14300130714940237
India,2017,0.14773252526001693
India,2018,0.15997732475635612
India,2019,0.17903930396209833
India,2020,0.18887481120392838
India,2021,0.19160215174008505
Indonesia,2000,0.15949638360567908
Indonesia,2001,0.17466964268078297
Indonesia,2002,0.14943123538815528
Indonesia,2003,0.13625258909129534
Indonesia,2004,0.13589873754816376
Indonesia,2005,0.13588281880983932
Indonesia,2006,0.1223473007093904
Indonesia,2007,0.12878558715731864
Indonesia,2008,0.13284357713994885
Indonesia,2009,0.13192876369806217
Indonesia,2010,0.1514927270159582
Indonesia,2011,0.11430249571286978
Indonesia,2012,0.10720694645441389
Indonesia,2013,0.11776274913843582
Indonesia,2014,0.10598378987371572
Indonesia,2015,0.09651385374083447
Indonesia,2016,0.11196705056822516
Indonesia,2017,0.11445103122815195
Indonesia,2018,0.11631324591416262
Indonesia,2019,0.10996568842390587
Indonesia,2020,0.12231023401077264
Indonesia,2021,0.11480472753196988
Ireland,2000,0.05833541823033942
Ireland,2001,0.05043868434758223
Ireland,2002,0.06579104003809373
Ireland,2003,0.056172203282327755
Ireland,2004,0.06446694554126432
Ireland,2005,0.08099892257965215
Ireland,2006,0.09947282312306853
Ireland,2007,0.10457266146993319
Ireland,2008,0.1237865680512448
Ireland,2009,0.15019916105608233
Ireland,2010,0.12807690953269713
Ireland,2011,0.18943232723801132
Ireland,2012,0.18564446713837626
Ireland,2013,0.21392020314724328
Ireland,2014,0.23739824970382542
Ireland,2015,0.2729250745744867
Ireland,2016,0.23601672765290121
Ireland,2017,0.27331978188623235
Ireland,2018,0.3111530344695274
Ireland,2019,0.3646881126072565
Ireland,2020,0.4011153218103953
Ireland,2021,0.3453035223582313
Italy,2000,0.20309715479628834
Italy,2001,0.2137214703521046
Italy,2002,0.18700837084086988
Italy,2003,0.17387472608239987
Italy,2004,0.18863216052903112
Italy,2005,0.16669465490502108
Italy,2006,0.16540441422254482
Italy,2007,0.15330994912181772
Italy,2008,0.18111484697410765
Italy,2009,0.22554145394651412
Italy,2010,0.2344302456465603
Italy,2011,0.24476502082093993
Italy,2012,0.2730365048868098
Italy,2013,0.33407291875142336
Italy,2014,0.37043151969981236
Italy,2015,0.3213505777589314
Italy,2016,0.31175845337272146
Italy,2017,0.2918728703553464
Italy,2018,0.3347428228219936
Italy,2019,0.3339039231167134
Italy,2020,0.35370213918802823
Italy,2021,0.3437162704452993
Japan,2000,0.09423826844626916
Japan,2001,0.09341030797474044
Japan,2002,0.09010031328004015
Japan,2003,0.10323155206672761
Japan,2004,0.10009224075203775
Japan,2005,0.08364221747247098
Japan,2006,0.09374452332356406
Japan,2007,0.080451022463546
Japan,2008,0.08247296168165437
Japan,2009,0.08527248367445567
Japan,2010,0.08615154411218354
Japan,2011,0.0935433482036346
Japan,2012,0.08891129527624618
Japan,2013,0.09559778503540357
Japan,2014,0.10942030871265633
Japan,2015,0.12681251830230209
Japan,2016,0.13085295878631523
Japan,2017,0.14354537655941582
Japan,2018,0.15092908857086082
Japan,2019,0.16128075582811688
Japan,2020,0.17563283047813857
Japan,2021,0.1784533692034211
Korea,2000,0.019480137661484185
Korea,2001,0.019318328389010705
Korea,2002,0.016301938931157705
Korea,2003,0.020043983481630685
Korea,2004,0.016026627362692537
Korea,2005,0.013774830332517276
Korea,2006,0.013528201210119656
Korea,2007,0.013519106083597738
Korea,2008,0.014966034615157423
Korea,2009,0.01579368298512525
Korea,2010,0.01696781146595492
Korea,2011,0.01851598407864874
Korea,2012,0.018891095317725752
Korea,2013,0.021603270206170824
Korea,2014,0.022267649173789598
Korea,2015,0.021106543592130454
Korea,2016,0.024802184072925827
Korea,2017,0.029123846019857166
Korea,2018,0.03270747960307225
Korea,2019,0.038258347609685946
Korea,2020,0.048336584044198445
Korea,2021,0.053899565828119014
Latvia,2000,0.6825435203094777
Latvia,2001,0.6626168224299065
Latvia,2002,0.6226415094339622
Latvia,2003,0.5821383647798742
Latvia,2004,0.6720578846563099
Latvia,2005,0.6868254937894522
Latvia,2006,0.5609157808667212
Latvia,2007,0.5839446656885349
Latvia,2008,0.6006825938566553
Latvia,2009,0.6297360387861376
Latvia,2010,0.538554398672099
Latvia,2011,0.4852265265922521
Latvia,2012,0.6195264352903016
Latvia,2013,0.4883234015139314
Latvia,2014,0.41470531025092394
Latvia,2015,0.36260162601626017
Latvia,2016,0.4133852140077821
Latvia,2017,0.6017534537725824
Latvia,2018,0.3799464445105623
Latvia,2019,0.35167055167055167
Latvia,2020,0.486198462613557
Latvia,2021,0.48836413415468855
Lithuania,2000,0.05636761487964989
Lithuania,2001,0.047567347492705435
Lithuania,2002,0.04407200496585972
Lithuania,2003,0.05054392446633826
Lithuania,2004,0.048977897686001866
Lithuania,2005,0.05560064935064935
Lithuania,2006,0.06537413875981413
Lithuania,2007,0.07596201899050475
Lithuania,2008,0.08042837633867606
Lithuania,2009,0.0844511004036984
Lithuania,2010,0.2642198643242303
Lithuania,2011,0.31750311074243054
Lithuania,2012,0.29327781082688875
Lithuania,2013,0.3605627887442251
Lithuania,2014,0.4093700250170571
Lithuania,2015,0.3865801743361038
Lithuania,2016,0.5264885138302859
Lithuania,2017,0.624282982791587
Lithuania,2018,0.6240022805017104
Lithuania,2019,0.6393649193548387
Lithuania,2020,0.5003627130939426
Lithuania,2021,0.5210878990934175
Luxembourg,2000,0.7687016337059329
Luxembourg,2001,0.5521927115503397
Luxembourg,2002,0.27388362652232745
Luxembourg,2003,0.2589828634604754
Luxembourg,2004,0.21845483167837249
Luxembourg,2005,0.22933333333333333
Luxembourg,2006,0.22979214780600463
Luxembourg,2007,0.25062531265632815
Luxembourg,2008,0.2940348902644907
Luxembourg,2009,0.2361290322580645
Luxembourg,2010,0.33631211857018306
Luxembourg,2011,0.3283059520603286
Luxembourg,2012,0.3341201153947023
Luxembourg,2013,0.4553014553014553
Luxembourg,2014,0.45273463875759623
Luxembourg,2015,0.6278059377262853
Luxembourg,2016,0.7880583409298085
Luxembourg,2017,0.7902285970416854
Luxembourg,2018,0.7777777777777778
Luxembourg,2019,0.7139107611548556
Luxembourg,2020,0.7195340501792115
Luxembourg,2021,0.7146739130434783
Mexico,2000,0.18952424852616512
Mexico,2001,0.15898959188241438
Mexico,2002,0.13888926989177994
Mexico,2003,0.11061552562331842
Mexico,2004,0.13357238529914386
Mexico,2005,0.13937021655767182
Mexico,2006,0.14392500222470703
Mexico,2007,0.13163940158439516
Mexico,2008,0.17232172943829543
Mexico,2009,0.12690947007783115
Mexico,2010,0.16289916954641676
Mexico,2011,0.14637954204105294
Mexico,2012,0.13454236253999988
Mexico,2013,0.1286180317370911
Mexico,2014,0.170391504724373
Mexico,2015,0.14807532548345398
Mexico,2016,0.14661682242990653
Mexico,2017,0.1538433011100947
Mexico,2018,0.1524754836548235
Mexico,2019,0.1650408918872025
Mexico,2020,0.20595546224064387
Mexico,2021,0.23108604504471078
Morocco,2000,0.06079452693772837
Morocco,2001,0.07158048650804201
Morocco,2002,0.06852641942894651
Morocco,2003,0.10007238508867174
Morocco,2004,0.10280215114633456
Morocco,2005,0.08232860818241437
Morocco,2006,0.08699468474179549
Morocco,2007,0.07913492258540182
Morocco,2008,0.07940882953951432
Morocco,2009,0.15401271537823644
Morocco,2010,0.18114259173246633
Morocco,2011,0.11165010253983278
Morocco,2012,0.0919772949130482
Morocco,2013,0.1538788372340049
Morocco,2014,0.13466512387693982
Morocco,2015,0.15393240429280794
Morocco,2016,0.1575246569801811
Morocco,2017,0.151044020609238
Morocco,2018,0.19010525728006253
Morocco,2019,0.19105817946070544
Morocco,2020,0.18475058670794428
Morocco,2021,0.19119789463790593
Netherlands,2000,0.010922560274904888
Netherlands,2001,0.010185452099548381
Netherlands,2002,0.011189714631020723
Netherlands,2003,0.014646036893965998
Netherlands,2004,0.019760112237437507
Netherlands,2005,0.02191731467859609
Netherlands,2006,0.02910971031942772
Netherlands,2007,0.034060761660248184
Netherlands,2008,0.04091974114846772
Netherlands,2009,0.041550856700559406
Netherlands,2010,0.03483692462480087
Netherlands,2011,0.046172880671796986
Netherlands,2012,0.051107193366526533
Netherlands,2013,0.06052346748007478
Netherlands,2014,0.06419373252450197
Netherlands,2015,0.07939935580456381
Netherlands,2016,0.08572867638119389
Netherlands,2017,0.10952263086469277
Netherlands,2018,0.12526338797814207
Netherlands,2019,0.13986474798810572
Netherlands,2020,0.19379436219833704
Netherlands,2021,0.24159129046780992
New Zealand,2000,0.697549828614955
New Zealand,2001,0.6210014608835827
New Zealand,2002,0.6835268986176247
New Zealand,2003,0.6490747087045922
New Zealand,2004,0.7105576990529638
New Zealand,2005,0.6305086323235144
New Zealand,2006,0.6330308946824394
New Zealand,2007,0.6407545794222181
New Zealand,2008,0.6285428096614838
New Zealand,2009,0.7017568033069239
New Zealand,2010,0.7168796532948105
New Zealand,2011,0.7463027695617102
New Zealand,2012,0.704273964006365
New Zealand,2013,0.7286021112278938
New Zealand,2014,0.7768734085121862
New Zealand,2015,0.7863712655253441
New Zealand,2016,0.8272379356416586
New Zealand,2017,0.7972264539833318
New Zealand,2018,0.8192396339143861
New Zealand,2019,0.8027379660190949
New Zealand,2020,0.786753806764587
New Zealand,2021,0.7964760474343743
Norway,2000,0.9953700465792897
Norway,2001,0.9931331528427271
Norway,2002,0.9939329023373246
Norway,2003,0.9909483280974709
Norway,2004,0.9902908232911759
Norway,2005,0.9923338333007268
Norway,2006,0.9899902946159793
Norway,2007,0.9885999183625868
Norway,2008,0.9912758382934413
Norway,2009,0.9641884149256676
Norway,2010,0.9547039173022948
Norway,2011,0.9631250049004618
Norway,2012,0.9776179543961588
Norway,2013,0.9739542932155857
Norway,2014,0.9748679298443333
Norway,2015,0.9752258796507686
Norway,2016,0.9764563009084688
Norway,2017,0.9764918383730264
Norway,2018,0.9761987314148192
Norway,2019,0.9752635246326963
Norway,2020,0.9824281047225677
Norway,2021,0.9894122265986145
Poland,2000,0.028360252978136248
Poland,2001,0.02905372949975983
Poland,2002,0.027502582483482505
Poland,2003,0.022516556291390728
Poland,2004,0.024863939179678125
Poland,2005,0.024933730947647448
Poland,2006,0.020254479356011424
Poland,2007,0.02171975801390667
Poland,2008,0.023077170728566368
Poland,2009,0.02670050092275244
Poland,2010,0.03267853631618006
Poland,2011,0.036478587326044955
Poland,2012,0.044486520824724464
Poland,2013,0.054696803985903514
Poland,2014,0.06549142142223954
Poland,2015,0.08093656028712776
Poland,2016,0.09202148408197558
Poland,2017,0.10622433415464039
Poland,2018,0.09107002128985968
Poland,2019,0.11269392135818129
Poland,2020,0.13093686328604512
Poland,2021,0.1295302461781702
Portugal,2000,0.27336913058379986
Portugal,2001,0.3168565899806493
Portugal,2002,0.18905612908822764
Portugal,2003,0.3552173820246302
Portugal,2004,0.2449784951004301
Portugal,2005,0.1495040151157298
Portugal,2006,0.29528955954323
Portugal,2007,0.3112884110725472
Portugal,2008,0.28899571487612297
Portugal,2009,0.3371840579998805
Portugal,2010,0.4832125425232954
Portugal,2011,0.4148684712161647
Portugal,2012,0.3745092570742068
Portugal,2013,0.5333268821366364
Portugal,2014,0.555936440597716
Portugal,2015,0.4274376633534922
Portugal,2016,0.5043181328426741
Portugal,2017,0.35479908460658277
Portugal,2018,0.4608096324121277
Portugal,2019,0.47911571025399813
Portugal,2020,0.5249453613686035
Portugal,2021,0.5705430006277464
Russia,2000,0.1884727820398603
Russia,2001,0.1974050919796608
Russia,2002,0.18439892963530183
Russia,2003,0.17249308621980472
Russia,2004,0.19122190446041004
Russia,2005,0.1836361041920666
Russia,2006,0.17649232672621043
Russia,2007,0.17676368245688853
Russia,2008,0.1606924015190618
Russia,2009,0.1780136696304361
Russia,2010,0.1627178405248403
Russia,2011,0.1594051755604329
Russia,2012,0.15671586033505988
Russia,2013,0.1728867747089016
Russia,2014,0.1671216220152658
Russia,2015,0.1600439888191962
Russia,2016,0.172044587721236
Russia,2017,0.17204126168343867
Russia,2018,0.17433870690026257
Russia,2019,0.17704262287480818
Russia,2020,0.2001136054971112
Russia,2021,0.19178342125146194
Slovakia,2000,0.1596700686822004
Slovakia,2001,0.1596767147225863
Slovakia,2002,0.16908748882104419
Slovakia,2003,0.11783950221309898
Slovakia,2004,0.1378283770078843
Slovakia,2005,0.15091400413288825
Slovakia,2006,0.14552167547265898
Slovakia,2007,0.1647775876817793
Slovakia,2008,0.14667495338719702
Slovakia,2009,0.17625692984133054
Slovakia,2010,0.20360399167205112
Slovakia,2011,0.1587102177554439
Slovakia,2012,0.16986463857102987
Slovakia,2013,0.1997780244173141
Slovakia,2014,0.18484726834787052
Slovakia,2015,0.1728060067650448
Slovakia,2016,0.1901049364469406
Slovakia,2017,0.1851250991419713
Slovakia,2018,0.1657335656816581
Slovakia,2019,0.18168389955686853
Slovakia,2020,0.1895415770857896
Slovakia,2021,0.17417377398720682
Spain,2000,0.1628205356665538
Spain,2001,0.21454354420512126
Spain,2002,0.14545766296116366
Spain,2003,0.21477066120457527
Spain,2004,0.17916663690199805
Spain,2005,0.15046092429688218
Spain,2006,0.17782734865206923
Spain,2007,0.1921103786480648
Spain,2008,0.19654638288107396
Spain,2009,0.24894100875704298
Spain,2010,0.3215897747133756
Spain,2011,0.29006625671670233
Spain,2012,0.28771427515265163
Spain,2013,0.3844212221463705
Spain,2014,0.3898235771016136
Spain,2015,0.33662601539195375
Spain,2016,0.37275188692291455
Spain,2017,0.3068422904102038
Spain,2018,0.3660112144629409
Spain,2019,0.35733393838035254
Spain,2020,0.42197188018513665
Spain,2021,0.44484018198256
Sweden,2000,0.5443600016521416
Sweden,2001,0.492312071131131
Sweden,2002,0.4566395202235322
Sweden,2003,0.40076936140050357
Sweden,2004,0.4022723378454968
Sweden,2005,0.46587559567014863
Sweden,2006,0.4381798404641044
Sweden,2007,0.4545399605162434
Sweden,2008,0.47463309294978606
Sweden,2009,0.5007861922697188
Sweden,2010,0.4712079597167246
Sweden,2011,0.4831887237791297
Sweden,2012,0.517774268886474
Sweden,2013,0.46598461799616103
Sweden,2014,0.4890832536134268
Sweden,2015,0.5666329451243585
Sweden,2016,0.49842317800141017
Sweden,2017,0.5053698630136987
Sweden,2018,0.4851897184822521
Sweden,2019,0.5100897060656974
Sweden,2020,0.6165851812516404
Sweden,2021,0.5977718017671917
Switzerland,2000,0.5664035308579807
Switzerland,2001,0.5895184448862382
Switzerland,2002,0.549649932965887
Switzerland,2003,0.5465742650659623
Switzerland,2004,0.5411685777018785
Switzerland,2005,0.5551923012440063
Switzerland,2006,0.5139489501209897
Switzerland,2007,0.5415102395359451
Switzerland,2008,0.5510828727678895
Switzerland,2009,0.5490161707349139
Switzerland,2010,0.5597009422971997
Switzerland,2011,0.531862214106651
Switzerland,2012,0.5826770526074629
Switzerland,2013,0.5776527560176613
Switzerland,2014,0.5665300660700845
Switzerland,2015,0.6074024822695036
Switzerland,2016,0.6036633632017224
Switzerland,2017,0.6157296603319016
Switzerland,2018,0.5768774417595138
Switzerland,2019,0.5890286056449199
Switzerland,2020,0.6108335194283162
Switzerland,2021,0.6493775933609959
Turkey,2000,0.24805878868413891
Turkey,2001,0.19687920146669383
Turkey,2002,0.261483771251932
Turkey,2003,0.25238118949217886
Turkey,2004,0.30680566430874995
Turkey,2005,0.24521474968509965
Turkey,2006,0.25221356899358477
Turkey,2007,0.18982240365842198
Turkey,2008,0.17276154381154935
Turkey,2009,0.1944900724801347
Turkey,2010,0.262205977046324
Turkey,2011,0.2517731578557323
Turkey,2012,0.269833316631593
Turkey,2013,0.2845715665781124
Turkey,2014,0.20457765624317856
Turkey,2015,0.31482945798619466
Turkey,2016,0.322913326142095
Turkey,2017,0.28639427864043704
Turkey,2018,0.31206343894460903
Turkey,2019,0.4236754383944349
Turkey,2020,0.4039758851512395
Turkey,2021,0.334899826122288
United Kingdom,2000,0.023146957188206932
United Kingdom,2001,0.01934821590997687
United Kingdom,2002,0.02246111654835286
United Kingdom,2003,0.018204511323512425
United Kingdom,2004,0.023940983989419358
United Kingdom,2005,0.02702105654238922
United Kingdom,2006,0.03192182902364309
United Kingdom,2007,0.03584406420885518
United Kingdom,2008,0.04279825443398968
United Kingdom,2009,0.04914400057323167
United Kingdom,2010,0.04458638661389553
United Kingdom,2011,0.06740608073401477
United Kingdom,2012,0.08097514077736574
United Kingdom,2013,0.10613023183097334
United Kingdom,2014,0.13261338837052983
United Kingdom,2015,0.1681561750253675
United Kingdom,2016,0.16570544088387304
United Kingdom,2017,0.20702378306290287
United Kingdom,2018,0.23316771232472946
United Kingdom,2019,0.25960925952267566
United Kingdom,2020,0.3111656394304152
United Kingdom,2021,0.2733726468586981
United States,2000,0.07426368857841022
United States,2001,0.061202124436687697
United States,2002,0.07849261438811983
United States,2003,0.08151916671321517
United States,2004,0.07871816417141095
United States,2005,0.07770759282856057
United States,2006,0.08422395578900915
United States,2007,0.0755475889808386
United States,2008,0.08164713601133265
United States,2009,0.0936429958824941
United States,2010,0.0920421246885299
United States,2011,0.11253573142247675
United States,2012,0.1091880969361357
United States,2013,0.11474162351548438
United States,2014,0.1174768239857837
United States,2015,0.12009819420595813
United States,2016,0.13662582328059125
United States,2017,0.1567897421205845
United States,2018,0.15639217189616095
United States,2019,0.16499322822124
United States,2020,0.18501885899555778
United States,2021,0.18911319274066551
