year,static_share,dynamic_share,linear_share,country,static_change,dynamic_change,divergence,linear_change
2022,0.2975862526148316,0.2975862526148316,0.18956641092368365,Australia,,,0.0,
2023,0.3159065158276287,0.3159065158276287,0.1963835213198415,Australia,0.01832026321279706,0.01832026321279706,0.0,0.006817110396157844
2024,0.33422677904042575,0.33448017517905726,0.20320063171599756,Australia,0.01832026321279706,0.018573659351428573,0.000253396138631512,0.0068171103961560675
2025,0.3525470422532228,0.35326074590664064,0.2100177421121554,Australia,0.01832026321279706,0.01878057072758338,0.0007137036534178298,0.006817110396157844
2026,0.37086730546601987,0.37218895191954987,0.21683485250831147,Australia,0.01832026321279706,0.018928206012909232,0.001321646453530001,0.0068171103961560675
2027,0.38918756867881693,0.3900593981212539,0.22365196290446931,Australia,0.01832026321279706,0.017870446201704027,0.0008718294424369666,0.006817110396157844
2028,0.407507831891614,0.4068407348809933,0.23046907330062538,Australia,0.01832026321279706,0.016781336759739418,-0.0006670970106206764,0.0068171103961560675
2029,0.42582809510441105,0.42209176124222086,0.23728618369678145,Australia,0.01832026321279706,0.015251026361227549,-0.0037363338621901887,0.0068171103961560675
2030,0.4441483583172081,0.43773961548241375,0.2441032940929393,Australia,0.01832026321279706,0.015647854240192882,-0.006408742834794368,0.006817110396157844
2031,0.4624686215300052,0.45312249712137825,0.25092040448909536,Australia,0.01832026321279706,0.015382881638964507,-0.009346124408626921,0.0068171103961560675
2032,0.48078888474280224,0.46872992053885254,0.2577375148852532,Australia,0.01832026321279706,0.015607423417474287,-0.012058964203949696,0.006817110396157844
2033,0.4991091479555993,0.4859461650076166,0.2645546252814093,Australia,0.01832026321279706,0.017216244468764075,-0.013162982947982682,0.0068171103961560675
2034,0.5174294111683964,0.5027378976982603,0.2713717356775671,Australia,0.01832026321279706,0.016791732690643657,-0.014691513470136086,0.006817110396157844
2035,0.5357496743811935,0.5194473289392296,0.2781888460737232,Australia,0.018320263212797117,0.016709431240969352,-0.01630234544196385,0.0068171103961560675
2022,0.7250350499371269,0.7250350499371269,0.7346678041932257,Austria,,,0.0,
2023,0.7462298189859407,0.7462298189859407,0.7397708734589195,Austria,0.02119476904881379,0.02119476904881379,0.0,0.005103069265693705
2024,0.7674245880347544,0.7659409216432543,0.7448739427246149,Austria,0.02119476904881379,0.019711102657313684,-0.0014836663915001047,0.005103069265695481
2025,0.7886193570835682,0.7860528643458329,0.7499770119903104,Austria,0.02119476904881379,0.020111942702578545,-0.0025664927377353486,0.005103069265695481
2026,0.809814126132382,0.8095377159333188,0.7550800812560041,Austria,0.02119476904881379,0.023484851587485922,-0.00027641019906321507,0.005103069265693705
2027,0.8310088951811958,0.8330023198808176,0.7601831505216996,Austria,0.02119476904881379,0.02346460394749883,0.0019934246996218263,0.005103069265695481
2028,0.8522036642300096,0.8569469608612335,0.7652862197873933,Austria,0.02119476904881379,0.02394464098041582,0.004743296631223859,0.005103069265693705
2029,0.8733984332788234,0.8792555910775405,0.7703892890530888,Austria,0.02119476904881379,0.022308630216307024,0.005857157798717094,0.005103069265695481
2030,0.8945932023276372,0.9012761949048673,0.7754923583187843,Austria,0.02119476904881379,0.022020603827326846,0.006682992577230151,0.005103069265695481
2031,0.915787971376451,0.9220327545954122,0.780595427584478,Austria,0.02119476904881379,0.020756559690544907,0.0062447832189612695,0.005103069265693705
2032,0.9369827404252647,0.9417655787523097,0.7856984968501735,Austria,0.02119476904881379,0.019732824156897477,0.004782838327044958,0.005103069265695481
2033,0.9581775094740785,0.9614401103801018,0.7908015661158689,Austria,0.02119476904881379,0.01967453162779209,0.003262600906023261,0.005103069265695481
2034,0.9793722785228923,0.9805971455340858,0.7959046353815626,Austria,0.02119476904881379,0.019157035153984037,0.001224867011193509,0.005103069265693705
2035,1.0,0.9992130064125724,0.8010077046472581,Austria,0.020627721477107674,0.018615860878486545,-0.0007869935874276202,0.005103069265695481
2022,0.21757710307161543,0.21757710307161543,0.1878258030679767,Belgium,,,0.0,
2023,0.2402223446216378,0.2402223446216378,0.19725673041160974,Belgium,0.02264524155002237,0.02264524155002237,0.0,0.009430927343633044
2024,0.2628675861716602,0.26309203154140076,0.20668765775524278,Belgium,0.02264524155002237,0.02286968691976296,0.00022444536974058904,0.009430927343633044
2025,0.28551282772168257,0.28572253778431805,0.21611858509887583,Belgium,0.0226452415500224,0.022630506242917292,0.00020971006263548198,0.009430927343633044
2026,0.30815806927170497,0.30812625466749666,0.22554951244251242,Belgium,0.0226452415500224,0.022403716883178604,-3.181460420831339e-05,0.009430927343636597
2027,0.33080331082172737,0.3313938334999143,0.23498043978614547,Belgium,0.0226452415500224,0.023267578832417646,0.0005905226781869333,0.009430927343633044
2028,0.35344855237174977,0.35481936083885834,0.2444113671297785,Belgium,0.0226452415500224,0.02342552733894404,0.0013708084671085752,0.009430927343633044
2029,0.37609379392177217,0.3796920149162104,0.25384229447341156,Belgium,0.0226452415500224,0.024872654077352063,0.0035982209944382393,0.009430927343633044
2030,0.39873903547179457,0.4040001903708947,0.2632732218170446,Belgium,0.0226452415500224,0.024308175454684278,0.005261154899100118,0.009430927343633044
2031,0.42138427702181697,0.42844852175258896,0.27270414916067764,Belgium,0.0226452415500224,0.024448331381694277,0.007064244730771996,0.009430927343633044
2032,0.44402951857183937,0.45295339045810423,0.2821350765043107,Belgium,0.0226452415500224,0.02450486870551527,0.008923871886264867,0.009430927343633044
2033,0.46667476012186176,0.4773269634595729,0.29156600384794373,Belgium,0.0226452415500224,0.02437357300146864,0.010652203337711108,0.009430927343633044
2034,0.48932000167188416,0.5020408594199592,0.3009969311915768,Belgium,0.0226452415500224,0.024713895960386367,0.012720857748075076,0.009430927343633044
2035,0.5119652432219065,0.5280037068865577,0.3104278585352098,Belgium,0.022645241550022344,0.025962847466598493,0.016038463664651226,0.009430927343633044
2022,0.7955350710396712,0.7955350710396712,0.6701787771681644,Brazil,,,0.0,
2023,0.7855061405515897,0.7855061405515897,0.6613705770990848,Brazil,-0.010028930488081511,-0.010028930488081511,0.0,-0.008808200069079675
2024,0.7754772100635082,0.7745078525091712,0.6525623770300051,Brazil,-0.010028930488081511,-0.010998288042418536,-0.0009693575543370248,-0.008808200069079675
2025,0.7654482795754267,0.763127594916999,0.6437541769609254,Brazil,-0.010028930488081511,-0.011380257592172205,-0.0023206846584277185,-0.008808200069079675
2026,0.7554193490873452,0.7537573852660426,0.6349459768918457,Brazil,-0.010028930488081511,-0.009370209650956363,-0.00166196382130257,-0.008808200069079675
2027,0.7453904185992637,0.7441901583333541,0.6261377768227661,Brazil,-0.010028930488081511,-0.009567226932688522,-0.0012002602659095807,-0.008808200069079675
2028,0.7353614881111822,0.7355268312442957,0.6173295767536899,Brazil,-0.010028930488081511,-0.00866332708905837,0.0001653431331135602,-0.008808200069076122
2029,0.7253325576231007,0.726667940345897,0.6085213766846103,Brazil,-0.010028930488081511,-0.008858890898398752,0.0013353827227963189,-0.008808200069079675
2030,0.7153036271350192,0.7170203934410025,0.5997131766155306,Brazil,-0.010028930488081511,-0.009647546904894444,0.001716766305983386,-0.008808200069079675
2031,0.7052746966469376,0.7076918447524759,0.5909049765464509,Brazil,-0.010028930488081511,-0.009328548688526617,0.0024171481055382804,-0.008808200069079675
2032,0.6952457661588561,0.6981470536056478,0.5820967764773712,Brazil,-0.010028930488081511,-0.009544791146828158,0.002901287446791634,-0.008808200069079675
2033,0.6852168356707746,0.6879611368222037,0.5732885764082916,Brazil,-0.010028930488081511,-0.010185916783444049,0.002744301151429096,-0.008808200069079675
2034,0.6751879051826931,0.67796270988123,0.5644803763392119,Brazil,-0.010028930488081511,-0.009998426940973748,0.002774804698536859,-0.008808200069079675
2035,0.6651589746946116,0.6681455451171529,0.5556721762701322,Brazil,-0.010028930488081511,-0.009817164764077124,0.002986570422541246,-0.008808200069079675
2022,0.6726735481598232,0.6726735481598232,0.6577349849078136,Canada,,,0.0,
2023,0.6745003210211418,0.6745003210211418,0.6618556007073444,Canada,0.001826772861318604,0.001826772861318604,0.0,0.004120615799530825
2024,0.6763270938824604,0.6775185592943912,0.6659762165068752,Canada,0.001826772861318604,0.0030182382732494295,0.0011914654119308254,0.004120615799530825
2025,0.678153866743779,0.6801333227163548,0.670096832306406,Canada,0.001826772861318604,0.0026147634219636506,0.001979455972575872,0.004120615799530825
2026,0.6799806396050976,0.681998787177738,0.6742174481059369,Canada,0.001826772861318604,0.0018654644613831373,0.0020181475726404052,0.004120615799530825
2027,0.6818074124664162,0.6822848620417061,0.6783380639054677,Canada,0.001826772861318604,0.0002860748639681443,0.00047744957528994547,0.004120615799530825
2028,0.6836341853277348,0.682899314995135,0.6824586797049985,Canada,0.001826772861318604,0.000614452953428879,-0.0007348703325997796,0.004120615799530825
2029,0.6854609581890534,0.6831465800262359,0.6865792955045276,Canada,0.001826772861318604,0.00024726503110084064,-0.002314378162817543,0.004120615799529048
2030,0.687287731050372,0.6838870478947006,0.6906999113040584,Canada,0.001826772861318604,0.0007404678684647115,-0.0034006831556714356,0.004120615799530825
2031,0.6891145039116906,0.6846017182545059,0.6948205271035892,Canada,0.001826772861318604,0.000714670359805325,-0.004512785657184715,0.004120615799530825
2032,0.6909412767730092,0.6853261749178737,0.69894114290312,Canada,0.001826772861318604,0.0007244566633678451,-0.005615101855135474,0.004120615799530825
2033,0.6927680496343278,0.6862584719933477,0.7030617587026509,Canada,0.001826772861318604,0.0009322970754739313,-0.0065095776409801465,0.004120615799530825
2034,0.6945948224956464,0.687247156571223,0.7071823745021817,Canada,0.001826772861318604,0.0009886845778753761,-0.007347665924423374,0.004120615799530825
2035,0.696421595356965,0.6883536861976008,0.7113029903017125,Canada,0.001826772861318604,0.0011065296263778057,-0.008067909159364173,0.004120615799530825
2022,0.284272137919107,0.284272137919107,0.2624209571578664,China,,,0.0,
2023,0.2964741063080227,0.2964741063080227,0.2680149059984558,China,0.012201968388915685,0.012201968388915685,0.0,0.005593948840589391
2024,0.30867607469693836,0.3087646368517441,0.2736088548390452,China,0.012201968388915685,0.012290530543721423,8.856215480573804e-05,0.005593948840589391
2025,0.32087804308585405,0.3202536717113025,0.27920280367963457,China,0.012201968388915685,0.011489034859558378,-0.0006243713745515689,0.005593948840589391
2026,0.33308001147476973,0.33189386245208125,0.28479675252022396,China,0.012201968388915685,0.011640190740778766,-0.0011861490226884874,0.005593948840589391
2027,0.3452819798636854,0.34340593126234553,0.29039070136081335,China,0.012201968388915685,0.011512068810264287,-0.0018760486013398858,0.005593948840589391
2028,0.3574839482526011,0.3545032212904186,0.29598465020140274,China,0.012201968388915685,0.011097290028073081,-0.0029807269621824894,0.005593948840589391
2029,0.3696859166415168,0.3661272331445815,0.30157859904199213,China,0.012201968388915685,0.011624011854162897,-0.0035586834969352776,0.005593948840589391
2030,0.3818878850304325,0.3777512449987444,0.3071725478825815,China,0.012201968388915685,0.011624011854162897,-0.004136640031688066,0.005593948840589391
2031,0.39408985341934816,0.3893752568529073,0.3127664967231709,China,0.012201968388915685,0.011624011854162897,-0.004714596566440854,0.005593948840589391
2032,0.40629182180826384,0.40098782395947163,0.3183604455637603,China,0.012201968388915685,0.011612567106564331,-0.005303997848792208,0.005593948840589391
2033,0.4184937901971795,0.41260039106603597,0.3239543944043497,China,0.012201968388915685,0.011612567106564331,-0.005893399131143562,0.005593948840589391
2034,0.4306957585860952,0.4242129581726003,0.3295483432449391,China,0.012201968388915685,0.011612567106564331,-0.006482800413494916,0.005593948840589391
2035,0.4428977269750109,0.4358255252791646,0.3351422920855285,China,0.012201968388915685,0.011612567106564331,-0.00707220169584627,0.005593948840589391
2022,0.07484235959691202,0.07484235959691202,0.08192106693073864,Czechia,,,0.0,
2023,0.08020089556496525,0.08020089556496525,0.0845471334279706,Czechia,0.005358535968053232,0.005358535968053232,0.0,0.0026260664972319603
2024,0.08555943153301848,0.08587199005528823,0.08717319992520256,Czechia,0.005358535968053232,0.005671094490322978,0.0003125585222697458,0.0026260664972319603
2025,0.09091796750107171,0.09045672616910011,0.08979926642243452,Czechia,0.005358535968053232,0.0045847361138118825,-0.0004612413319716041,0.0026260664972319603
2026,0.09627650346912495,0.0950209871053009,0.09242533291966559,Czechia,0.005358535968053232,0.004564260936200784,-0.0012555163638240524,0.002626066497231072
2027,0.10163503943717818,0.10039099062514571,0.09505139941689755,Czechia,0.005358535968053232,0.005370003519844818,-0.0012440488120324666,0.0026260664972319603
2028,0.10699357540523141,0.1076583117764362,0.09767746591412951,Czechia,0.005358535968053232,0.007267321151290487,0.0006647363712047882,0.0026260664972319603
2029,0.11235211137328464,0.11561857723149604,0.10030353241136147,Czechia,0.005358535968053232,0.007960265455059845,0.003266465858211401,0.0026260664972319603
2030,0.11771064734133788,0.12407079579769434,0.10292959890859343,Czechia,0.005358535968053232,0.008452218566198294,0.0063601484563564625,0.0026260664972319603
2031,0.12306918330939111,0.13313804927585562,0.1055556654058254,Czechia,0.005358535968053232,0.009067253478161286,0.010068865966464516,0.0026260664972319603
2032,0.12842771927744434,0.14251761041139893,0.10818173190305735,Czechia,0.005358535968053232,0.009379561135543307,0.01408989113395459,0.0026260664972319603
2033,0.1337862552454976,0.15170110939748058,0.11080779840028931,Czechia,0.005358535968053246,0.009183498986081645,0.01791485415198299,0.0026260664972319603
2034,0.13914479121355083,0.16191583586878064,0.11343386489752127,Czechia,0.005358535968053246,0.010214726471300062,0.022771044655229805,0.0026260664972319603
2035,0.14450332718160408,0.17260441390002187,0.11605993139475324,Czechia,0.005358535968053246,0.010688578031241236,0.028101086718417795,0.0026260664972319603
2022,0.6047266514806379,0.6047266514806379,0.5983238057276523,Denmark,,,0.0,
2023,0.6483274551853943,0.6483274551853943,0.623636886454598,Denmark,0.043600803704756386,0.043600803704756386,0.0,0.025313080726945714
2024,0.6919282588901506,0.6915002826058457,0.6489499671815437,Denmark,0.043600803704756386,0.043172827420451476,-0.0004279762843049095,0.025313080726945714
2025,0.735529062594907,0.7381600812583525,0.6742630479084895,Denmark,0.043600803704756386,0.0466597986525068,0.0026310186634455057,0.025313080726945714
2026,0.7791298662996634,0.7843329030644876,0.6995761286354281,Denmark,0.043600803704756386,0.04617282180613502,0.005203036764824143,0.025313080726938608
2027,0.8227306700044198,0.8300472013481022,0.7248892093623738,Denmark,0.043600803704756386,0.04571429828361462,0.007316531343682375,0.025313080726945714
2028,0.8663314737091762,0.8748679185919767,0.7502022900893195,Denmark,0.043600803704756386,0.044820717243874486,0.008536444882800476,0.025313080726945714
2029,0.9099322774139326,0.9247937081110685,0.7755153708162652,Denmark,0.043600803704756386,0.04992578951909188,0.014861430697135969,0.025313080726945714
2030,0.953533081118689,0.9747937081110686,0.8008284515432038,Denmark,0.043600803704756386,0.050000000000000044,0.021260626992379628,0.025313080726938608
2031,0.9971338848234453,1.0,0.8261415322701495,Denmark,0.043600803704756386,0.02520629188893142,0.002866115176554662,0.025313080726945714
2032,1.0,1.0,0.8514546129970952,Denmark,0.002866115176554662,0.0,0.0,0.025313080726945714
2033,1.0,1.0,0.876767693724041,Denmark,0.0,0.0,0.0,0.025313080726945714
2034,1.0,1.0,0.9020807744509796,Denmark,0.0,0.0,0.0,0.025313080726938608
2035,1.0,1.0,0.9273938551779253,Denmark,0.0,0.0,0.0,0.025313080726945714
2022,0.12509790062847428,0.12509790062847428,0.07949699782306219,Egypt,,,0.0,
2023,0.13671398055049616,0.13671398055049616,0.0764480539407737,Egypt,0.011616079922021877,0.011616079922021877,0.0,-0.0030489438822884907
2024,0.14833006047251804,0.1480553232278738,0.0733991100584852,Egypt,0.011616079922021877,0.01134134267737763,-0.0002747372446442464,-0.0030489438822884907
2025,0.15994614039453992,0.15946569785680478,0.07035016617619583,Egypt,0.011616079922021877,0.011410374628930992,-0.0004804425377351318,-0.003048943882289379
2026,0.1715622203165618,0.17172754641650917,0.06730122229390734,Egypt,0.011616079922021877,0.012261848559704386,0.00016532609994737713,-0.0030489438822884907
2027,0.18317830023858367,0.1845256982107886,0.06425227841161885,Egypt,0.011616079922021877,0.012798151794279428,0.0013473979722049279,-0.0030489438822884907
2028,0.19479438016060555,0.19768810884193713,0.061203334529330355,Egypt,0.011616079922021877,0.013162410631148536,0.0028937286813315866,-0.0030489438822884907
2029,0.20641046008262742,0.21030557899071367,0.058154390647041865,Egypt,0.011616079922021877,0.012617470148776538,0.003895118908086248,-0.0030489438822884907
2030,0.2180265400046493,0.22248341802160956,0.055105446764752486,Egypt,0.011616079922021877,0.012177839030895893,0.004456878016960264,-0.003048943882289379
2031,0.22964261992667118,0.2348331029158776,0.052056502882463995,Egypt,0.011616079922021877,0.012349684894268048,0.005190482989206435,-0.0030489438822884907
2032,0.24125869984869305,0.24717885112395416,0.049007559000175505,Egypt,0.011616079922021877,0.012345748208076546,0.005920151275261104,-0.0030489438822884907
2033,0.25287477977071493,0.2596332384676922,0.045958615117887014,Egypt,0.011616079922021877,0.01245438734373805,0.006758458696977276,-0.0030489438822884907
2034,0.26449085969273683,0.2723078996429191,0.04290967123559852,Egypt,0.011616079922021905,0.01267466117522692,0.007817039950182292,-0.0030489438822884907
2035,0.27610693961475874,0.28498256081814605,0.03986072735331003,Egypt,0.011616079922021905,0.01267466117522692,0.008875621203387307,-0.0030489438822884907
2022,0.14405641370047012,0.14405641370047012,0.11730775383798786,Estonia,,,0.0,
2023,0.1443784835244526,0.1443784835244526,0.12379420642041872,Estonia,0.00032206982398247375,0.00032206982398247375,0.0,0.006486452582430857
2024,0.14470055334843507,0.14550310009455994,0.13028065900285135,Estonia,0.00032206982398247375,0.0011246165701073452,0.0008025467461248714,0.0064864525824326336
2025,0.14502262317241754,0.15006370310266265,0.13676711158528398,Estonia,0.00032206982398247375,0.004560603008102709,0.005041079930245107,0.0064864525824326336
2026,0.14534469299640002,0.1560052514785551,0.14325356416771484,Estonia,0.00032206982398247375,0.005941548375892447,0.01066055848215508,0.006486452582430857
2027,0.1456667628203825,0.16230674010236695,0.14974001675014748,Estonia,0.00032206982398247375,0.006301488623811857,0.016639977281984464,0.0064864525824326336
2028,0.14598883264436496,0.16937266565972886,0.15622646933257833,Estonia,0.00032206982398247375,0.007065925557361907,0.023383833015363897,0.006486452582430857
2029,0.14631090246834744,0.18047791819595646,0.16271292191501097,Estonia,0.00032206982398247375,0.0111052525362276,0.034167015727609024,0.0064864525824326336
2030,0.1466329722923299,0.1897933485288969,0.1691993744974436,Estonia,0.00032206982398247375,0.009315430332940439,0.04316037623656699,0.0064864525824326336
2031,0.14695504211631238,0.19843569325494842,0.17568582707987446,Estonia,0.00032206982398247375,0.00864234472605152,0.051480651138636035,0.006486452582430857
2032,0.14727711194029486,0.2072134646334431,0.1821722796623071,Estonia,0.00032206982398247375,0.00877777137849467,0.05993635269314823,0.0064864525824326336
2033,0.14759918176427733,0.21511971412512063,0.18865873224473972,Estonia,0.00032206982398247375,0.007906249491677536,0.0675205323608433,0.0064864525824326336
2034,0.1479212515882598,0.22313886116338547,0.19514518482717058,Estonia,0.00032206982398247375,0.00801914703826484,0.07521760957512566,0.006486452582430857
2035,0.14824332141224228,0.23217522436418478,0.20163163740960321,Estonia,0.00032206982398247375,0.009036363200799313,0.0839319029519425,0.0064864525824326336
2022,0.3588645997838916,0.3588645997838916,0.31257645709480997,Finland,,,0.0,
2023,0.36944259164420573,0.36944259164420573,0.3207158319512722,Finland,0.010577991860314107,0.010577991860314107,0.0,0.008139374856462211
2024,0.38002058350451984,0.3805252971278666,0.32885520680773084,Finland,0.010577991860314107,0.01108270548366086,0.0005047136233467531,0.008139374856458659
2025,0.39059857536483394,0.39310329669717614,0.3369945816641895,Finland,0.010577991860314107,0.01257799956930955,0.002504721332342197,0.008139374856458659
2026,0.40117656722514805,0.4060566444968354,0.3451339565206517,Finland,0.010577991860314107,0.012953347799659232,0.004880077271687322,0.008139374856462211
2027,0.41175455908546216,0.4193017246338139,0.35327333137711037,Finland,0.010577991860314107,0.013245080136978504,0.00754716554835172,0.008139374856458659
2028,0.42233255094577626,0.4320041798730685,0.3614127062335726,Finland,0.010577991860314107,0.012702455239254618,0.00967162892729223,0.008139374856462211
2029,0.43291054280609037,0.4455649977644441,0.36955208109003124,Finland,0.010577991860314107,0.013560817891375587,0.012654454958353711,0.008139374856458659
2030,0.4434885346664045,0.4573674047577271,0.3776914559464899,Finland,0.010577991860314107,0.011802406993282999,0.013878870091322604,0.008139374856458659
2031,0.4540665265267186,0.4685128918882395,0.3858308308029521,Finland,0.010577991860314107,0.011145487130512444,0.01444636536152094,0.008139374856462211
2032,0.4646445183870327,0.47965837901875197,0.39397020565941077,Finland,0.010577991860314107,0.011145487130512444,0.015013860631719278,0.008139374856458659
2033,0.4752225102473468,0.49047720166019204,0.4021095805158694,Finland,0.010577991860314107,0.010818822641440073,0.015254691412845245,0.008139374856458659
2034,0.4858005021076609,0.5015559717951432,0.41024895537233164,Finland,0.010577991860314107,0.011078770134951177,0.015755469687482315,0.008139374856462211
2035,0.496378493967975,0.5126202926022693,0.4183883302287903,Finland,0.010577991860314107,0.011064320807126049,0.016241798634294258,0.008139374856458659
2022,0.23274156738805954,0.23274156738805954,0.20014413685285248,France,,,0.0,
2023,0.24410417606257992,0.24410417606257992,0.2046358884294488,France,0.01136260867452038,0.01136260867452038,0.0,0.0044917515765963145
2024,0.2554667847371003,0.25665571628291073,0.2091276400060451,France,0.011362608674520408,0.012551540220330809,0.001188931545810401,0.0044917515765963145
2025,0.2668293934116207,0.26621463350975416,0.21361939158264143,France,0.01136260867452038,0.009558917226843433,-0.0006147599018665462,0.0044917515765963145
2026,0.2781920020861411,0.2755887967284977,0.21811114315923774,France,0.01136260867452038,0.009374163218743514,-0.002603205357643412,0.0044917515765963145
2027,0.28955461076066147,0.2864652387183917,0.22260289473583406,France,0.01136260867452038,0.010876441989894015,-0.003089372042269778,0.0044917515765963145
2028,0.30091721943518185,0.29950019498110164,0.22709464631243037,France,0.01136260867452038,0.013034956262709951,-0.0014170244540802068,0.0044917515765963145
2029,0.31227982810970223,0.31642800046371267,0.23158639788902668,France,0.01136260867452038,0.016927805482611025,0.004148172354010438,0.0044917515765963145
2030,0.3236424367842226,0.3337927186076113,0.236078149465623,France,0.01136260867452038,0.017364718143898616,0.010150281823388674,0.0044917515765963145
2031,0.335005045458743,0.35051805548975423,0.24056990104221931,France,0.01136260867452038,0.01672533688214295,0.015513010031011243,0.0044917515765963145
2032,0.34636765413326337,0.3677377692892629,0.24506165261881563,France,0.01136260867452038,0.01721971379950865,0.021370115155999514,0.0044917515765963145
2033,0.35773026280778375,0.3856740732726393,0.24955340419541194,France,0.01136260867452038,0.017936303983376423,0.027943810464855556,0.0044917515765963145
2034,0.36909287148230413,0.3946459213494366,0.25404515577200826,France,0.01136260867452038,0.008971848076797295,0.02555304986713247,0.0044917515765963145
2035,0.3804554801568245,0.40335255571525863,0.25853690734860457,France,0.01136260867452038,0.00870663436582203,0.02289707555843412,0.0044917515765963145
2022,0.3620698887121318,0.3620698887121318,0.3254436085380732,Germany,,,0.0,
2023,0.3929405941884269,0.3929405941884269,0.3392002720402978,Germany,0.030870705476295113,0.030870705476295113,0.0,0.013756663502224598
2024,0.42381129966472203,0.4239143179732891,0.35295693554252594,Germany,0.030870705476295113,0.030973723784862184,0.00010301830856707106,0.01375666350222815
2025,0.45468200514101714,0.45480807569177784,0.36671359904475054,Germany,0.030870705476295113,0.030893757718488735,0.00012607055076069296,0.013756663502224598
2026,0.48555271061731226,0.4852384322347098,0.3804702625469787,Germany,0.030870705476295113,0.03043035654293197,-0.0003142783826024509,0.01375666350222815
2027,0.5164234160936074,0.5148798235142894,0.3942269260492033,Germany,0.030870705476295168,0.0296413912795796,-0.0015435925793180205,0.013756663502224598
2028,0.5472941215699025,0.5448145446463163,0.4079835895514279,Germany,0.030870705476295113,0.029934721132026887,-0.0024795769235862464,0.013756663502224598
2029,0.5781648270461976,0.5745859218646023,0.42174025305365603,Germany,0.030870705476295113,0.029771377218286044,-0.0035789051815953155,0.01375666350222815
2030,0.6090355325224928,0.6041495262268587,0.43549691655588063,Germany,0.030870705476295113,0.029563604362256357,-0.004886006295634071,0.013756663502224598
2031,0.6399062379987879,0.6352497010210584,0.44925358005810523,Germany,0.030870705476295113,0.031100174794199686,-0.004656536977729497,0.013756663502224598
2032,0.670776943475083,0.6671655320872825,0.4630102435603334,Germany,0.030870705476295113,0.03191583106622409,-0.0036114113878005227,0.01375666350222815
2033,0.7016476489513781,0.6980034691682464,0.476766907062558,Germany,0.030870705476295113,0.03083793708096394,-0.0036441797831316958,0.013756663502224598
2034,0.7325183544276732,0.7288414062492103,0.4905235705647826,Germany,0.030870705476295113,0.03083793708096394,-0.003676948178462869,0.013756663502224598
2035,0.7633890599039683,0.7593132066672155,0.5042802340670107,Germany,0.030870705476295113,0.030471800418005124,-0.004075853236752858,0.01375666350222815
2022,0.418125545892986,0.418125545892986,0.35650381128452224,Greece,,,0.0,
2023,0.42763916269501184,0.42763916269501184,0.3711088545685719,Greece,0.009513616802025837,0.009513616802025837,0.0,0.014605043284049657
2024,0.4371527794970377,0.4458502525921888,0.38571389785262156,Greece,0.009513616802025837,0.018211089897176957,0.00869747309515112,0.014605043284049657
2025,0.4466663962990635,0.46448836464076976,0.4003189411366712,Greece,0.009513616802025837,0.018638112048580957,0.01782196834170624,0.014605043284049657
2026,0.45618001310108935,0.4804712234506815,0.41492398442072087,Greece,0.009513616802025837,0.015982858809911737,0.02429121034959214,0.014605043284049657
2027,0.4656936299031152,0.4925447779486346,0.429529027704767,Greece,0.009513616802025837,0.01207355449795311,0.026851148045519413,0.014605043284046104
2028,0.47520724670514103,0.5034054747458487,0.44413407098881663,Greece,0.009513616802025837,0.010860696797214131,0.028198228040707707,0.014605043284049657
2029,0.48472086350716687,0.5182933456043106,0.4587391142728663,Greece,0.009513616802025837,0.014887870858461882,0.03357248209714375,0.014605043284049657
2030,0.4942344803091927,0.534271989758076,0.47334415755691595,Greece,0.009513616802025837,0.015978644153765376,0.04003750944888329,0.014605043284049657
2031,0.5037480971112186,0.5499017608025121,0.4879492008409656,Greece,0.009513616802025893,0.01562977104443608,0.04615366369129348,0.014605043284049657
2032,0.5132617139132445,0.5678399970405325,0.5025542441250117,Greece,0.009513616802025893,0.017938236238020377,0.05457828312728796,0.014605043284046104
2033,0.5227753307152704,0.5907386417168644,0.5171592874090614,Greece,0.009513616802025893,0.02289864467633196,0.06796331100159403,0.014605043284049657
2034,0.5322889475172963,0.6222662418116918,0.531764330693111,Greece,0.009513616802025893,0.03152760009482736,0.0899772942943955,0.014605043284049657
2035,0.5418025643193222,0.6545523563144588,0.5463693739771607,Greece,0.009513616802025893,0.03228611450276708,0.11274979199513668,0.014605043284049657
2022,0.15429736599536326,0.15429736599536326,0.07891422223388389,Hungary,,,0.0,
2023,0.17277523893240088,0.17277523893240088,0.08313662639506525,Hungary,0.01847787293703762,0.01847787293703762,0.0,0.004222404161181359
2024,0.1912531118694385,0.18955641661007738,0.08735903055624483,Hungary,0.01847787293703762,0.016781177677676506,-0.001696695259361114,0.004222404161179583
2025,0.20973098480647612,0.20652780082111416,0.09158143471742619,Hungary,0.01847787293703762,0.016971384211036777,-0.003203183985361957,0.004222404161181359
2026,0.22820885774351374,0.22460134136761423,0.09580383887860755,Hungary,0.01847787293703762,0.018073540546500066,-0.003607516375899511,0.004222404161181359
2027,0.24668673068055136,0.24256581344890762,0.10002624303978891,Hungary,0.01847787293703762,0.017964472081293398,-0.004120917231643734,0.004222404161181359
2028,0.265164603617589,0.26282872746193664,0.10424864720096849,Hungary,0.01847787293703762,0.020262914013029015,-0.002335876155652339,0.004222404161179583
2029,0.2836424765546266,0.2789976086729458,0.10847105136214985,Hungary,0.01847787293703762,0.01616888121100918,-0.004644867881680781,0.004222404161181359
2030,0.3021203494916642,0.2951380060647116,0.11269345552333121,Hungary,0.01847787293703762,0.01614039739176576,-0.006982343426952642,0.004222404161181359
2031,0.32059822242870184,0.3103161670683291,0.11691585968451257,Hungary,0.01847787293703762,0.015178161003617519,-0.010282055360372744,0.004222404161181359
2032,0.33907609536573946,0.32423348288811454,0.12113826384569215,Hungary,0.01847787293703762,0.013917315819785447,-0.014842612477624917,0.004222404161179583
2033,0.3575539683027771,0.3385612292397713,0.1253606680068735,Hungary,0.01847787293703762,0.014327746351656734,-0.018992739063005804,0.004222404161181359
2034,0.3760318412398147,0.3563096424015645,0.12958307216805487,Hungary,0.01847787293703762,0.01774841316179321,-0.019722198838250216,0.004222404161181359
2035,0.3945097141768523,0.3740682576907868,0.13380547632923445,Hungary,0.01847787293703762,0.01775861528922229,-0.020441456486065546,0.004222404161179583
2022,0.19630554201630857,0.19630554201630857,0.17266796566862697,India,,,0.0,
2023,0.20815448372631673,0.20815448372631673,0.17440489941924486,India,0.011848941710008165,0.011848941710008165,0.0,0.0017369337506178972
2024,0.2200034254363249,0.2196440024532668,0.17614183316986232,India,0.011848941710008165,0.01148951872695006,-0.00035942298305810527,0.0017369337506174531
2025,0.23185236714633306,0.23046651897919282,0.1778787669204802,India,0.011848941710008165,0.01082251652592603,-0.0013858481671402412,0.0017369337506178972
2026,0.24370130885634123,0.24147492758657474,0.1796157006710981,India,0.011848941710008165,0.01100840860738192,-0.0022263812697664864,0.0017369337506178972
2027,0.2555502505663494,0.2524288801120149,0.18135263442171556,India,0.011848941710008165,0.01095395252544018,-0.003121370454334471,0.0017369337506174531
2028,0.26739919227635756,0.26359759398071353,0.18308956817233346,India,0.011848941710008165,0.01116871386869861,-0.0038015982956440264,0.0017369337506178972
2029,0.2792481339863657,0.2747544000158665,0.18482650192295136,India,0.011848941710008165,0.011156806035152955,-0.004493733970499236,0.0017369337506178972
2030,0.2910970756963739,0.28587872319615265,0.1865634356735688,India,0.011848941710008165,0.011124323180286166,-0.005218352500221235,0.0017369337506174531
2031,0.30294601740638205,0.2970030463764388,0.1883003694241867,India,0.011848941710008165,0.011124323180286166,-0.005942971029943234,0.0017369337506178972
2032,0.3147949591163902,0.3083107679628635,0.1900373031748046,India,0.011848941710008165,0.01130772158642468,-0.006484191153526719,0.0017369337506178972
2033,0.3266439008263984,0.3196512551695663,0.19177423692542206,India,0.011848941710008165,0.011340487206702776,-0.006992645656832108,0.0017369337506174531
2034,0.33849284253640655,0.33099174237626905,0.19351117067603996,India,0.011848941710008165,0.011340487206702776,-0.007501100160137497,0.0017369337506178972
2035,0.3503417842464147,0.3423322295829718,0.1952481044266574,India,0.011848941710008165,0.011340487206702776,-0.008009554663442886,0.0017369337506174531
2022,0.11266914464462323,0.11266914464462323,0.10071528039094346,Indonesia,,,0.0,
2023,0.12046326676894197,0.12046326676894197,0.09844304716232255,Indonesia,0.007794122124318736,0.007794122124318736,0.0,-0.0022722332286209124
2024,0.1282573888932607,0.12830374239544498,0.09617081393370075,Indonesia,0.0077941221243187225,0.007840475626503016,4.635350218429313e-05,-0.0022722332286218005
2025,0.13605151101757942,0.13644877925843152,0.09389858070507895,Indonesia,0.007794122124318736,0.008145036862986538,0.00039726824085209445,-0.0022722332286218005
2026,0.14384563314189816,0.14340085332605104,0.09162634747645715,Indonesia,0.007794122124318736,0.006952074067619524,-0.00044477981584711834,-0.0022722332286218005
2027,0.1516397552662169,0.15044185254164932,0.08935411424783535,Indonesia,0.007794122124318736,0.0070409992155982815,-0.0011979027245675733,-0.0022722332286218005
2028,0.15943387739053563,0.15807249326867776,0.08708188101921355,Indonesia,0.007794122124318736,0.0076306407270284315,-0.0013613841218578782,-0.0022722332286218005
2029,0.16722799951485437,0.1658292308546158,0.08480964779059175,Indonesia,0.007794122124318736,0.007756737585938034,-0.0013987686602385807,-0.0022722332286218005
2030,0.1750221216391731,0.17391795756408807,0.08253741456196995,Indonesia,0.007794122124318736,0.008088726709472277,-0.0011041640750850401,-0.0022722332286218005
2031,0.18281624376349184,0.18245003459001777,0.08026518133334815,Indonesia,0.007794122124318736,0.008532077025929702,-0.00036620917347407467,-0.0022722332286218005
2032,0.19061036588781058,0.19143239775747117,0.07799294810472635,Indonesia,0.007794122124318736,0.008982363167453405,0.0008220318696605944,-0.0022722332286218005
2033,0.19840448801212932,0.2007599660299586,0.07572071487610543,Indonesia,0.007794122124318736,0.00932756827248743,0.002355478017829288,-0.0022722332286209124
2034,0.20619861013644805,0.21008753430244603,0.07344848164748363,Indonesia,0.007794122124318736,0.00932756827248743,0.003888924165997981,-0.0022722332286218005
2035,0.2139927322607668,0.2184864116676712,0.07117624841886183,Indonesia,0.007794122124318736,0.008398877365225155,0.0044936794069043995,-0.0022722332286218005
2022,0.3668918918918919,0.3668918918918919,0.3715405048003646,Ireland,,,0.0,
2023,0.3956763618496027,0.3956763618496027,0.3879858128864129,Ireland,0.02878446995771078,0.02878446995771078,0.0,0.01644530808604827
2024,0.4244608318073135,0.4251933061272538,0.40443112097245404,Ireland,0.02878446995771078,0.029516944277651114,0.000732474319940335,0.016445308086041166
2025,0.45324530176502426,0.454550791312041,0.4208764290585023,Ireland,0.02878446995771078,0.029357485184787202,0.0013054895470167582,0.01644530808604827
2026,0.48202977172273503,0.4820734252337286,0.4373217371445506,Ireland,0.02878446995771078,0.027522633921687578,4.365351099355763e-05,0.01644530808604827
2027,0.5108142416804458,0.507358140031539,0.45376704523059175,Ireland,0.028784469957710723,0.025284714797810415,-0.003456101648906751,0.016445308086041166
2028,0.5395987116381565,0.5342539876803276,0.47021235331664,Ireland,0.02878446995771078,0.026895847648788607,-0.005344723957828923,0.01644530808604827
2029,0.5683831815958673,0.5575036298029337,0.4866576614026812,Ireland,0.02878446995771078,0.02324964212260605,-0.01087955179293365,0.016445308086041166
2030,0.5971676515535781,0.5808487057003483,0.5031029694887295,Ireland,0.02878446995771078,0.023345075897414636,-0.016318945853229794,0.01644530808604827
2031,0.6259521215112889,0.6031596562213601,0.5195482775747706,Ireland,0.02878446995771078,0.02231095052101184,-0.02279246528992873,0.016445308086041166
2032,0.6547365914689997,0.625470606742372,0.5359935856608189,Ireland,0.02878446995771078,0.02231095052101184,-0.02926598472662767,0.01644530808604827
2033,0.6835210614267104,0.6464892341384837,0.5524388937468601,Ireland,0.02878446995771078,0.02101862739611171,-0.03703182728822674,0.016445308086041166
2034,0.7123055313844212,0.6675078615345954,0.5688842018329083,Ireland,0.02878446995771078,0.02101862739611171,-0.044797669849825805,0.01644530808604827
2035,0.741090001342132,0.6879896212226432,0.5853295099189495,Ireland,0.02878446995771078,0.020481759688047774,-0.05310038011948881,0.016445308086041166
2022,0.29843003845666227,0.29843003845666227,0.367175097534961,Italy,,,0.0,
2023,0.31751923107464464,0.31751923107464464,0.3769445428991247,Italy,0.019089192617982365,0.019089192617982365,0.0,0.009769445364163687
2024,0.336608423692627,0.3377221983230451,0.38671398826329195,Italy,0.019089192617982365,0.020202967248400483,0.0011137746304181184,0.00976944536416724
2025,0.35569761631060937,0.35790723117265816,0.39648343362745564,Italy,0.019089192617982365,0.020185032849613038,0.002209614862048792,0.009769445364163687
2026,0.37478680892859173,0.3812015323910985,0.4062528789916229,Italy,0.019089192617982365,0.02329430121844034,0.006414723462506766,0.00976944536416724
2027,0.3938760015465741,0.4059360900912998,0.41602232435578657,Italy,0.019089192617982365,0.024734557700201276,0.012060088544725678,0.009769445364163687
2028,0.41296519416455646,0.4315009009607487,0.4257917697199538,Italy,0.019089192617982365,0.02556481086944895,0.018535706796192264,0.00976944536416724
2029,0.4320543867825388,0.456156832210214,0.4355612150841175,Italy,0.019089192617982365,0.0246559312494653,0.0241024454276752,0.009769445364163687
2030,0.4511435794005212,0.4815554118857768,0.44533066044828473,Italy,0.019089192617982365,0.02539857967556275,0.030411832485255585,0.00976944536416724
2031,0.47023277201850355,0.5069539915613396,0.4551001058124484,Italy,0.019089192617982365,0.025398579675562805,0.036721219542836026,0.009769445364163687
2032,0.4893219646364859,0.532038599008983,0.46486955117661566,Italy,0.019089192617982365,0.025084607447643403,0.042716634372497064,0.00976944536416724
2033,0.5084111572544683,0.5595406875821504,0.47463899654077935,Italy,0.019089192617982365,0.027502088573167383,0.05112953032768208,0.009769445364163687
2034,0.5275003498724506,0.5888756838733727,0.4844084419049466,Italy,0.019089192617982365,0.02933499629122238,0.0613753340009221,0.00976944536416724
2035,0.546589542490433,0.6154534000154214,0.49417788726911027,Italy,0.019089192617982365,0.026577716142048624,0.06886385752498836,0.009769445364163687
2022,0.18756952114425415,0.18756952114425415,0.15622937233727097,Japan,,,0.0,
2023,0.1981813795012467,0.1981813795012467,0.16013948744089035,Japan,0.010611858356992548,0.010611858356992548,0.0,0.003910115103619383
2024,0.20879323785823922,0.20807596358280858,0.16404960254450973,Japan,0.01061185835699252,0.00989458408156188,-0.0007172742754306405,0.003910115103619383
2025,0.21940509621523174,0.21836843438468148,0.16795971764812911,Japan,0.01061185835699252,0.0102924708018729,-0.0010366618305502617,0.003910115103619383
2026,0.23001695457222426,0.2286207291736286,0.17186983275174939,Japan,0.01061185835699252,0.010252294788947125,-0.0013962253985956574,0.003910115103620271
2027,0.24062881292921678,0.23899864265172147,0.17577994785536877,Japan,0.01061185835699252,0.01037791347809286,-0.0016301702774953186,0.003910115103619383
2028,0.2512406712862093,0.24946840988290336,0.17969006295898815,Japan,0.01061185835699252,0.010469767231181898,-0.0017722614033059414,0.003910115103619383
2029,0.2618525296432018,0.25969841056347315,0.18360017806260753,Japan,0.01061185835699252,0.010230000680569784,-0.002154119079728678,0.003910115103619383
2030,0.27246438800019435,0.27012458211640766,0.18751029316622692,Japan,0.01061185835699252,0.010426171552934516,-0.002339805883786683,0.003910115103619383
2031,0.28307624635718687,0.2803420109272418,0.1914204082698472,Japan,0.01061185835699252,0.01021742881083415,-0.0027342354299450533,0.003910115103620271
2032,0.2936881047141794,0.2905712374350837,0.19533052337346657,Japan,0.01061185835699252,0.01022922650784186,-0.003116867279095714,0.003910115103619383
2033,0.3042999630711719,0.3008115892833881,0.19924063847708595,Japan,0.01061185835699252,0.010240351848304408,-0.0034883737877838272,0.003910115103619383
2034,0.31491182142816443,0.31082180295636475,0.20315075358070533,Japan,0.01061185835699252,0.010010213672976664,-0.0040900184717996835,0.003910115103619383
2035,0.32552367978515695,0.32098494594286475,0.20706086868432472,Japan,0.01061185835699252,0.010163142986500007,-0.0045387338422921975,0.003910115103619383
2022,0.06396329500027205,0.06396329500027205,0.03809763030571789,Korea,,,0.0,
2023,0.07546403199165312,0.07546403199165312,0.03939768815022804,Korea,0.011500736991381072,0.011500736991381072,0.0,0.0013000578445101496
2024,0.0869647689830342,0.08689367654052932,0.040697745994737744,Korea,0.011500736991381072,0.011429644548876197,-7.109244250487479e-05,0.0013000578445097055
2025,0.09846550597441527,0.09853763355896919,0.041997803839247894,Korea,0.011500736991381072,0.011643957018439871,7.212758455392432e-05,0.0013000578445101496
2026,0.10996624296579634,0.11078675949991115,0.0432978616837576,Korea,0.011500736991381072,0.012249125940941963,0.0008205165341148152,0.0013000578445097055
2027,0.12146697995717741,0.12288507147611184,0.04459791952826775,Korea,0.011500736991381072,0.01209831197620069,0.0014180915189344334,0.0013000578445101496
2028,0.1329677169485585,0.13531388020651106,0.0458979773727779,Korea,0.011500736991381086,0.012428808730399213,0.0023461632579525604,0.0013000578445101496
2029,0.14446845393993957,0.14894012534195375,0.047198035217287604,Korea,0.011500736991381072,0.013626245135442694,0.004471671402014182,0.0013000578445097055
2030,0.15596919093132064,0.16321795171194992,0.048498093061797753,Korea,0.011500736991381072,0.014277826369996166,0.007248760780629276,0.0013000578445101496
2031,0.1674699279227017,0.17734215653491164,0.04979815090630746,Korea,0.011500736991381072,0.014124204822961728,0.009872228612209932,0.0013000578445097055
2032,0.17897066491408278,0.18980686625528312,0.05109820875081761,Korea,0.011500736991381072,0.012464709720371475,0.010836201341200336,0.0013000578445101496
2033,0.19047140190546386,0.2029703769799396,0.052398266595327314,Korea,0.011500736991381072,0.01316351072465649,0.012498975074475754,0.0013000578445097055
2034,0.20197213889684493,0.21585899856168922,0.053698324439837464,Korea,0.011500736991381072,0.01288862158174961,0.013886859664844292,0.0013000578445101496
2035,0.213472875888226,0.22872612141437038,0.05499838228434761,Korea,0.011500736991381072,0.012867122852681157,0.015253245526144377,0.0013000578445101496
2022,0.5994431185361973,0.5994431185361973,0.3947685272647625,Latvia,,,0.0,
2023,0.6301614203389673,0.6301614203389673,0.3820038986725187,Latvia,0.03071830180277002,0.03071830180277002,0.0,-0.01276462859224381
2024,0.6608797221417373,0.6562045009437886,0.3692392700802749,Latvia,0.03071830180277002,0.0260430806048213,-0.00467522119794872,-0.01276462859224381
2025,0.6915980239445073,0.6811596928208559,0.3564746414880311,Latvia,0.03071830180277002,0.024955191877067295,-0.010438331123651445,-0.01276462859224381
2026,0.7223163257472773,0.7055405629116354,0.3437100128957873,Latvia,0.03071830180277002,0.024380870090779494,-0.016775762835641972,-0.01276462859224381
2027,0.7530346275500474,0.7307448598356062,0.3309453843035435,Latvia,0.03071830180277002,0.02520429692397086,-0.022289767714441133,-0.01276462859224381
2028,0.7837529293528174,0.7543683624172273,0.31818075571129967,Latvia,0.03071830180277002,0.023623502581621048,-0.029384566935590106,-0.01276462859224381
2029,0.8144712311555874,0.7770329409416606,0.30541612711905586,Latvia,0.03071830180277002,0.022664578524433376,-0.03743829021392675,-0.01276462859224381
2030,0.8451895329583574,0.7984639844818667,0.29265149852681205,Latvia,0.03071830180277002,0.021431043540206085,-0.046725548476490686,-0.01276462859224381
2031,0.8759078347611274,0.8203431835333936,0.27988686993456824,Latvia,0.03071830180277002,0.02187919905152691,-0.0555646512277338,-0.01276462859224381
2032,0.9066261365638975,0.8476870880614564,0.26712224134232443,Latvia,0.03071830180277002,0.02734390452806279,-0.05893904850244103,-0.01276462859224381
2033,0.9373444383666675,0.8792328364276831,0.2543576127500806,Latvia,0.03071830180277002,0.0315457483662267,-0.05811160193898435,-0.01276462859224381
2034,0.9680627401694375,0.9098109292117997,0.2415929841578368,Latvia,0.03071830180277002,0.030578092784116606,-0.05825181095763776,-0.01276462859224381
2035,0.9987810419722075,0.9399595772187471,0.228828355565593,Latvia,0.03071830180277002,0.030148648006947387,-0.058821464753460395,-0.01276462859224381
2022,0.6012552301255231,0.6012552301255231,0.6466435604527732,Lithuania,,,0.0,
2023,0.6512552301255231,0.6512552301255231,0.6788558536305231,Lithuania,0.050000000000000044,0.050000000000000044,0.0,0.032212293177749984
2024,0.7012552301255232,0.6962840593580014,0.7110681468082731,Lithuania,0.050000000000000044,0.04502882923247831,-0.004971170767521738,0.032212293177749984
2025,0.7512552301255232,0.7356727558836664,0.7432804399860231,Lithuania,0.050000000000000044,0.03938869652566501,-0.01558247424185677,0.032212293177749984
2026,0.8012552301255232,0.7672410443798663,0.7754927331637589,Lithuania,0.050000000000000044,0.03156828849619986,-0.034014185745656955,0.032212293177735773
2027,0.8512552301255233,0.7949632001130736,0.8077050263415089,Lithuania,0.050000000000000044,0.027722155733207354,-0.056292030012449645,0.032212293177749984
2028,0.9012552301255233,0.819057310505666,0.8399173195192589,Lithuania,0.050000000000000044,0.02409411039259235,-0.08219791961985734,0.032212293177749984
2029,0.9512552301255234,0.8440731333959486,0.8721296126970088,Lithuania,0.050000000000000044,0.02501582289028259,-0.1071820967295748,0.032212293177749984
2030,1.0,0.8669045234999867,0.9043419058747588,Lithuania,0.04874476987447662,0.02283139010403812,-0.1330954765000133,0.032212293177749984
2031,1.0,0.8838935432403731,0.9365541990525088,Lithuania,0.0,0.016989019740386357,-0.11610645675962694,0.032212293177749984
2032,1.0,0.8997463124403402,0.9687664922302588,Lithuania,0.0,0.015852769199967143,-0.1002536875596598,0.032212293177749984
2033,1.0,0.9162156625671913,1.0,Lithuania,0.0,0.016469350126851134,-0.08378433743280866,0.03123350776974121
2034,1.0,0.9326384128279103,1.0,Lithuania,0.0,0.016422750260718932,-0.06736158717208973,0.0
2035,1.0,0.9483351303953456,1.0,Lithuania,0.0,0.015696717567435292,-0.05166486960465444,0.0
2022,0.7584219858156028,0.7584219858156028,0.710595908604688,Luxembourg,,,0.0,
2023,0.8027862557679112,0.8027862557679112,0.7314742325103438,Luxembourg,0.044364269952308355,0.044364269952308355,0.0,0.020878323905655805
2024,0.8471505257202195,0.84033112259552,0.7523525564159925,Luxembourg,0.044364269952308355,0.037544866827608825,-0.00681940312469953,0.0208783239056487
2025,0.8915147956725279,0.8848424759132086,0.7732308803216483,Luxembourg,0.044364269952308355,0.04451135331768863,-0.006672319759319256,0.020878323905655805
2026,0.9358790656248362,0.9301679253296341,0.794109204227297,Luxembourg,0.044364269952308355,0.04532544941642547,-0.005711140295202144,0.0208783239056487
2027,0.9802433355771446,0.9649908347122311,0.8149875281329528,Luxembourg,0.044364269952308355,0.03482290938259702,-0.015252500864913476,0.020878323905655805
2028,1.0,0.9998137440948281,0.8358658520386015,Luxembourg,0.019756664422855397,0.03482290938259702,-0.00018625590517185042,0.0208783239056487
2029,1.0,1.0,0.8567441759442573,Luxembourg,0.0,0.00018625590517185042,0.0,0.020878323905655805
2030,1.0,1.0,0.877622499849906,Luxembourg,0.0,0.0,0.0,0.0208783239056487
2031,1.0,1.0,0.8985008237555618,Luxembourg,0.0,0.0,0.0,0.020878323905655805
2032,1.0,1.0,0.9193791476612105,Luxembourg,0.0,0.0,0.0,0.0208783239056487
2033,1.0,1.0,0.9402574715668663,Luxembourg,0.0,0.0,0.0,0.020878323905655805
2034,1.0,1.0,0.961135795472515,Luxembourg,0.0,0.0,0.0,0.0208783239056487
2035,1.0,1.0,0.9820141193781708,Luxembourg,0.0,0.0,0.0,0.020878323905655805
2022,0.2233863162137485,0.2233863162137485,0.17544873023201113,Mexico,,,0.0,
2023,0.23018732464249464,0.23018732464249464,0.1772992886571445,Mexico,0.006801008428746147,0.006801008428746147,0.0,0.001850558425133375
2024,0.2369883330712408,0.23691122423505795,0.17914984708227788,Mexico,0.006801008428746147,0.006723899592563309,-7.710883618283759e-05,0.001850558425133375
2025,0.24378934149998693,0.24357344053543598,0.18100040550741126,Mexico,0.006801008428746147,0.006662216300378027,-0.00021590096455095797,0.001850558425133375
2026,0.2505903499287331,0.25011003321102704,0.18285096393254463,Mexico,0.006801008428746147,0.006536592675591063,-0.0004803167177060419,0.001850558425133375
2027,0.2573913583574792,0.2578868500351826,0.184701522357678,Mexico,0.006801008428746147,0.007776816824155541,0.0004954916777033525,0.001850558425133375
2028,0.2641923667862254,0.26559030389290794,0.18655208078281138,Mexico,0.006801008428746147,0.007703453857725362,0.0013979371066825674,0.001850558425133375
2029,0.2709933752149715,0.2731180433114844,0.18840263920794476,Mexico,0.006801008428746147,0.0075277394185764845,0.002124668096512905,0.001850558425133375
2030,0.27779438364371767,0.28275223645061853,0.19025319763307813,Mexico,0.006801008428746147,0.009634193139134106,0.004957852806900864,0.001850558425133375
2031,0.2845953920724638,0.2928872450505762,0.1921037560582115,Mexico,0.006801008428746147,0.01013500859995764,0.008291852978112357,0.001850558425133375
2032,0.29139640050120996,0.299731230466197,0.19395431448334488,Mexico,0.006801008428746147,0.006843985415620812,0.008334829964987023,0.001850558425133375
2033,0.2981974089299561,0.30812958153959685,0.19580487290847826,Mexico,0.006801008428746147,0.008398351073399868,0.009932172609640744,0.001850558425133375
2034,0.30499841735870226,0.31569274276316595,0.19765543133361163,Mexico,0.006801008428746147,0.007563161223569093,0.01069432540446369,0.001850558425133375
2035,0.3117994257874484,0.3236871807225383,0.199505989758745,Mexico,0.006801008428746147,0.00799443795937238,0.011887754935089923,0.001850558425133375
2022,0.17512114047613475,0.17512114047613475,0.19697738571561985,Morocco,,,0.0,
2023,0.2068506796664862,0.2068506796664862,0.2031233138023456,Morocco,0.03172953919035146,0.03172953919035146,0.0,0.00614592808672576
2024,0.23858021885683767,0.2392572929091895,0.2092692418890696,Morocco,0.03172953919035146,0.0324066132427033,0.0006770740523518448,0.006145928086723984
2025,0.27030975804718915,0.2719712077038019,0.21541516997579535,Morocco,0.031729539190351486,0.032713914794612386,0.0016614496566127457,0.00614592808672576
2026,0.30203929723754064,0.3041782550269189,0.2215610980625211,Morocco,0.031729539190351486,0.03220704732311702,0.002138957789378282,0.00614592808672576
2027,0.3337688364278921,0.3365390990385235,0.2277070261492451,Morocco,0.031729539190351486,0.032360844011604606,0.002770262610631402,0.006145928086723984
2028,0.3654983756182436,0.3703523951272606,0.23385295423597086,Morocco,0.031729539190351486,0.033813296088737066,0.004854019509016982,0.00614592808672576
2029,0.3972279148085951,0.40608527320486737,0.23999888232269484,Morocco,0.031729539190351486,0.03573287807760678,0.008857358396272275,0.006145928086723984
2030,0.4289574539989466,0.4420176273160215,0.2461448104094206,Morocco,0.031729539190351486,0.03593235411115414,0.01306017331707493,0.00614592808672576
2031,0.46068699318929807,0.47829450680186725,0.2522907384961446,Morocco,0.031729539190351486,0.03627687948584574,0.01760751361256918,0.006145928086723984
2032,0.49241653237964955,0.5136328157605781,0.25843666658287034,Morocco,0.031729539190351486,0.03533830895871082,0.021216283380928513,0.00614592808672576
2033,0.524146071570001,0.5499108734395219,0.2645825946695961,Morocco,0.031729539190351486,0.036278057678943876,0.025764801869520904,0.00614592808672576
2034,0.5558756107603525,0.5859437512736531,0.2707285227563201,Morocco,0.031729539190351486,0.036032877834131116,0.030068140513300534,0.006145928086723984
2035,0.587605149950704,0.6217161272691428,0.27687445084304585,Morocco,0.031729539190351486,0.03577237599548977,0.03411097731843882,0.00614592808672576
2022,0.31480841682707333,0.31480841682707333,0.16307515428718133,Netherlands,,,0.0,
2023,0.34157295611677835,0.34157295611677835,0.17146010481415175,Netherlands,0.026764539289705014,0.026764539289705014,0.0,0.008384950526970414
2024,0.36833749540648336,0.36767055329312276,0.1798450553411186,Netherlands,0.026764539289705014,0.02609759717634441,-0.0006669421133606024,0.008384950526966861
2025,0.3951020346961884,0.3936784634187504,0.18823000586808902,Netherlands,0.026764539289705014,0.026007910125627642,-0.0014235712774379738,0.008384950526970414
2026,0.4218665739858934,0.4208514749447708,0.19661495639505944,Netherlands,0.026764539289705014,0.02717301152602042,-0.001015099041122569,0.008384950526970414
2027,0.4486311132755984,0.44790769530665736,0.20499990692202985,Netherlands,0.026764539289705014,0.02705622036188654,-0.0007234179689410425,0.008384950526970414
2028,0.4753956525653034,0.47510132007826705,0.2133848574489967,Netherlands,0.026764539289705014,0.027193624771609692,-0.00029433248703636394,0.008384950526966861
2029,0.5021601918550084,0.5021246721705969,0.22176980797596713,Netherlands,0.02676453928970496,0.02702335209232981,-3.551968441151132e-05,0.008384950526970414
2030,0.5289247311447134,0.529292738151491,0.23015475850293754,Netherlands,0.026764539289705014,0.027168065980894163,0.00036800700677763754,0.008384950526970414
2031,0.5556892704344184,0.5560102111921095,0.23853970902990795,Netherlands,0.026764539289705014,0.026717473040618445,0.00032094075769106833,0.008384950526970414
2032,0.5824538097241234,0.583707652009702,0.24692465955687481,Netherlands,0.026764539289705014,0.02769744081759251,0.0012538422855785658,0.008384950526966861
2033,0.6092183490138284,0.6124913978756027,0.25530961008384523,Netherlands,0.026764539289705014,0.02878374586590071,0.0032730488617742637,0.008384950526970414
2034,0.6359828883035334,0.6414004798744993,0.26369456061081564,Netherlands,0.026764539289705014,0.028909081998896635,0.005417591570965885,0.008384950526970414
2035,0.6627474275932385,0.6676806850060982,0.27207951113778606,Netherlands,0.026764539289705014,0.0262802051315989,0.004933257412859771,0.008384950526970414
2022,0.8494402149574564,0.8494402149574564,0.8257379539416796,New Zealand,,,0.0,
2023,0.8488430252072098,0.8488430252072098,0.8347535889438973,New Zealand,-0.000597189750246585,-0.000597189750246585,0.0,0.009015635002217692
2024,0.8482458354569632,0.8472815137064812,0.843769223946115,New Zealand,-0.000597189750246585,-0.0015615115007285851,-0.0009643217504820001,0.009015635002217692
2025,0.8476486457067166,0.8469230089902862,0.8527848589483291,New Zealand,-0.000597189750246585,-0.00035850471619502944,-0.0007256367164304445,0.00901563500221414
2026,0.84705145595647,0.8443596898059537,0.8618004939505468,New Zealand,-0.000597189750246585,-0.002563319184332502,-0.0026917661505163615,0.009015635002217692
2027,0.8464542662062234,0.842713887625822,0.8708161289527645,New Zealand,-0.000597189750246585,-0.0016458021801316614,-0.0037403785804014378,0.009015635002217692
2028,0.8458570764559769,0.8444406206848296,0.8798317639549822,New Zealand,-0.000597189750246585,0.0017267330590076124,-0.0014164557711472403,0.009015635002217692
2029,0.8452598867057303,0.8470561895871944,0.8888473989571999,New Zealand,-0.000597189750246585,0.0026155689023648065,0.0017963028814641513,0.009015635002217692
2030,0.8446626969554837,0.8489978490171662,0.897863033959414,New Zealand,-0.000597189750246585,0.0019416594299718204,0.004335152061682557,0.00901563500221414
2031,0.8440655072052371,0.851775411864009,0.9068786689616317,New Zealand,-0.000597189750246585,0.0027775628468427183,0.00770990465877186,0.009015635002217692
2032,0.8434683174549905,0.855288795183045,0.9158943039638494,New Zealand,-0.000597189750246585,0.0035133833190360564,0.011820477728054501,0.009015635002217692
2033,0.8428711277047439,0.8612299020466291,0.9249099389660671,New Zealand,-0.000597189750246585,0.005941106863584067,0.018358774341885153,0.009015635002217692
2034,0.8422739379544973,0.8678816889184271,0.9339255739682848,New Zealand,-0.000597189750246585,0.0066517868717980155,0.025607750963929754,0.009015635002217692
2035,0.8416767482042508,0.8754275087173743,0.9429412089704989,New Zealand,-0.000597189750246585,0.007545819798947195,0.033750760513123534,0.00901563500221414
2022,0.9837793998377939,0.9837793998377939,0.9715103244883281,Norway,,,0.0,
2023,0.9822118315422547,0.9822118315422547,0.9706700789552729,Norway,-0.001567568295539279,-0.001567568295539279,0.0,-0.0008402455330551728
2024,0.9806442632467154,0.9826170639099341,0.9698298334222177,Norway,-0.001567568295539279,0.00040523236767942006,0.001972800663218699,-0.0008402455330551728
2025,0.9790766949511761,0.9830844077746341,0.9689895878891626,Norway,-0.001567568295539279,0.00046734386470004274,0.004007712823458021,-0.0008402455330551728
2026,0.9775091266556368,0.9813540693250876,0.9681493423561072,Norway,-0.001567568295539279,-0.001730338449546509,0.0038449426694507904,-0.0008402455330553948
2027,0.9759415583600975,0.9792631138577362,0.967309096823052,Norway,-0.001567568295539279,-0.0020909554673513853,0.003321555497638684,-0.0008402455330551728
2028,0.9743739900645583,0.9768458804878151,0.9664688512899968,Norway,-0.001567568295539279,-0.002417233369921168,0.002471890423256795,-0.0008402455330551728
2029,0.972806421769019,0.975028570358042,0.9656286057569416,Norway,-0.001567568295539279,-0.001817310129773042,0.002222148589023032,-0.0008402455330551728
2030,0.9712388534734797,0.9723678517928537,0.9647883602238865,Norway,-0.001567568295539279,-0.002660718565188347,0.0011289983193739639,-0.0008402455330551728
2031,0.9696712851779404,0.9696132314869282,0.9639481146908313,Norway,-0.001567568295539279,-0.002754620305925437,-5.8053691012194264e-05,-0.0008402455330551728
2032,0.9681037168824012,0.9672436380607776,0.9631078691577761,Norway,-0.001567568295539279,-0.002369593426150618,-0.0008600788216235333,-0.0008402455330551728
2033,0.9665361485868619,0.9657986265199521,0.962267623624721,Norway,-0.001567568295539279,-0.001445011540825547,-0.0007375220669098015,-0.0008402455330551728
2034,0.9649685802913226,0.9644269733108223,0.9614273780916658,Norway,-0.001567568295539279,-0.0013716532091297973,-0.0005416069805003199,-0.0008402455330551728
2035,0.9634010119957833,0.9635374140871719,0.9605871325586104,Norway,-0.001567568295539279,-0.0008895592236504157,0.0001364020913885433,-0.0008402455330553948
2022,0.17305819976299494,0.17305819976299494,0.11677887798549946,Poland,,,0.0,
2023,0.19010561576733054,0.19010561576733054,0.1220868120359686,Poland,0.017047416004335597,0.017047416004335597,0.0,0.005307934050469143
2024,0.20715303177166614,0.20487208389517836,0.12739474608643597,Poland,0.017047416004335597,0.01476646812784782,-0.0022809478764877766,0.005307934050467367
2025,0.22420044777600173,0.2197609294967406,0.13270268013690512,Poland,0.017047416004335597,0.014888845601562228,-0.004439518279261145,0.005307934050469143
2026,0.24124786378033733,0.23506903923521444,0.13801061418737426,Poland,0.017047416004335597,0.015308109738473852,-0.006178824545122891,0.005307934050469143
2027,0.2582952797846729,0.24886588318228384,0.1433185482378434,Poland,0.017047416004335597,0.013796843947069398,-0.00942939660238909,0.005307934050469143
2028,0.27534269578900855,0.2634708001003576,0.14862648228831077,Poland,0.017047416004335625,0.01460491691807378,-0.011871895688650935,0.005307934050467367
2029,0.2923901117933442,0.27807699615648246,0.1539344163387799,Poland,0.017047416004335625,0.014606196056124843,-0.014313115636861717,0.005307934050469143
2030,0.3094375277976798,0.29334310975437744,0.15924235038924905,Poland,0.017047416004335625,0.015266113597894981,-0.01609441804330236,0.005307934050469143
2031,0.3264849438020154,0.30886993434860394,0.1645502844397182,Poland,0.017047416004335625,0.015526824594226496,-0.01761500945341149,0.005307934050469143
2032,0.34353235980635105,0.32432253579023906,0.16985821849018556,Poland,0.017047416004335625,0.015452601441635128,-0.019209824016111987,0.005307934050467367
2033,0.3605797758106867,0.33971526523428697,0.1751661525406547,Poland,0.017047416004335625,0.015392729444047903,-0.02086451057639971,0.005307934050469143
2034,0.3776271918150223,0.3551323217287367,0.18047408659112385,Poland,0.017047416004335625,0.015417056494449743,-0.02249487008628559,0.005307934050469143
2035,0.3946746078193579,0.3708387685174373,0.18578202064159122,Poland,0.017047416004335625,0.01570644678870059,-0.023835839301920625,0.005307934050467367
2022,0.5285415727574478,0.5285415727574478,0.5540645823082926,Portugal,,,0.0,
2023,0.5484874224168967,0.5484874224168967,0.5688624445469621,Portugal,0.0199458496594489,0.0199458496594489,0.0,0.014797862238669524
2024,0.5684332720763456,0.5638938227649803,0.5836603067856352,Portugal,0.0199458496594489,0.015406400348083604,-0.004539449311365296,0.014797862238673076
2025,0.5883791217357945,0.5788617007632456,0.5984581690243083,Portugal,0.0199458496594489,0.014967877998265267,-0.009517420972548929,0.014797862238673076
2026,0.6083249713952434,0.5939880404886468,0.6132560312629778,Portugal,0.0199458496594489,0.015126339725401228,-0.014336930906596601,0.014797862238669524
2027,0.6282708210546923,0.609202411569218,0.6280538935016509,Portugal,0.0199458496594489,0.01521437108057111,-0.01906840948547439,0.014797862238673076
2028,0.6482166707141412,0.6244167826497891,0.6428517557403239,Portugal,0.0199458496594489,0.01521437108057111,-0.02379988806435218,0.014797862238673076
2029,0.6681625203735901,0.6389772858071641,0.6576496179789935,Portugal,0.0199458496594489,0.014560503157375004,-0.029185234566426077,0.014797862238669524
2030,0.688108370033039,0.6528464353847812,0.6724474802176665,Portugal,0.0199458496594489,0.01386914957761709,-0.03526193464825789,0.014797862238673076
2031,0.7080542196924879,0.6641602890019819,0.6872453424563396,Portugal,0.0199458496594489,0.01131385361720072,-0.04389393069050607,0.014797862238673076
2032,0.7280000693519368,0.6749682452185151,0.7020432046950091,Portugal,0.0199458496594489,0.010807956216533188,-0.05303182413342178,0.014797862238669524
2033,0.7479459190113857,0.6881198228645939,0.7168410669336822,Portugal,0.0199458496594489,0.013151577646078882,-0.059826096146791796,0.014797862238673076
2034,0.7678917686708346,0.7012714005106728,0.7316389291723553,Portugal,0.0199458496594489,0.013151577646078882,-0.06662036816016181,0.014797862238673076
2035,0.7878376183302835,0.7162459609176293,0.7464367914110248,Portugal,0.0199458496594489,0.014974560406956439,-0.07159165741265427,0.014797862238669524
2022,0.1806119603562689,0.1806119603562689,0.17244098489857207,Russia,,,0.0,
2023,0.18510354951331942,0.18510354951331942,0.17211630593025928,Russia,0.0044915891570505295,0.0044915891570505295,0.0,-0.000324678968312786
2024,0.18959513867036995,0.18929822215879835,0.1717916269619465,Russia,0.0044915891570505295,0.004194672645478931,-0.0002969165115715988,-0.000324678968312786
2025,0.19408672782742048,0.19407942470454914,0.1714669479936337,Russia,0.0044915891570505295,0.00478120254575079,-7.3031228713382745e-06,-0.000324678968312786
2026,0.198578316984471,0.19884278238714723,0.17114226902532093,Russia,0.0044915891570505295,0.004763357682598085,0.0002644654026762172,-0.000324678968312786
2027,0.20306990614152154,0.203224735652809,0.17081759005700814,Russia,0.0044915891570505295,0.004381953265661764,0.00015482951128745204,-0.000324678968312786
2028,0.20756149529857207,0.20754047708807175,0.17049291108869546,Russia,0.0044915891570505295,0.004315741435262754,-2.1018210500323153e-05,-0.00032467896831267495
2029,0.2120530844556226,0.21183964981082282,0.17016823212038268,Russia,0.0044915891570505295,0.004299172722751071,-0.00021343464479978147,-0.000324678968312786
2030,0.21654467361267313,0.21665985322764011,0.1698435531520699,Russia,0.0044915891570505295,0.004820203416817298,0.00011517961496698703,-0.000324678968312786
2031,0.22103626276972366,0.2210430129250626,0.1695188741837571,Russia,0.0044915891570505295,0.0043831596974224785,6.75015533893597e-06,-0.000324678968312786
2032,0.2255278519267742,0.22562511060620852,0.16919419521544432,Russia,0.0044915891570505295,0.004582097681145925,9.725867943433109e-05,-0.000324678968312786
2033,0.23001944108382472,0.23020011636345897,0.16886951624713153,Russia,0.0044915891570505295,0.00457500575725045,0.00018067527963425145,-0.000324678968312786
2034,0.23451103024087525,0.23477512212070942,0.16854483727881875,Russia,0.0044915891570505295,0.00457500575725045,0.0002640918798341718,-0.000324678968312786
2035,0.23900261939792578,0.23939349034501686,0.16822015831050596,Russia,0.0044915891570505295,0.004618368224307445,0.0003908709470910876,-0.000324678968312786
2022,0.1720321931589537,0.1720321931589537,0.19069838530844985,Slovakia,,,0.0,
2023,0.17555532607286503,0.17555532607286503,0.1926396666341179,Slovakia,0.00352313291391132,0.00352313291391132,0.0,0.001941281325668065
2024,0.17907845898677635,0.1818450174816409,0.19458094795978598,Slovakia,0.00352313291391132,0.00628969140877586,0.0027665584948645405,0.001941281325668065
2025,0.18260159190068767,0.18910830397965295,0.19652222928545449,Slovakia,0.00352313291391132,0.007263286498012056,0.006506712078965277,0.001941281325668509
2026,0.186124724814599,0.194727636935249,0.19846351061112255,Slovakia,0.00352313291391132,0.005619332955596051,0.008602912120650008,0.001941281325668065
2027,0.1896478577285103,0.20103387791089897,0.20040479193679062,Slovakia,0.00352313291391132,0.006306240975649968,0.011386020182388656,0.001941281325668065
2028,0.19317099064242163,0.2063165411818807,0.20234607326245868,Slovakia,0.00352313291391132,0.00528266327098173,0.013145550539459067,0.001941281325668065
2029,0.19669412355633295,0.21136671979787736,0.20428735458812675,Slovakia,0.00352313291391132,0.005050178615996659,0.014672596241544406,0.001941281325668065
2030,0.20021725647024427,0.21990040802483646,0.20622863591379526,Slovakia,0.00352313291391132,0.008533688226959102,0.019683151554592188,0.001941281325668509
2031,0.2037403893841556,0.2274185827793939,0.20816991723946332,Slovakia,0.00352313291391132,0.007518174754557433,0.0236781933952383,0.001941281325668065
2032,0.2072635222980669,0.23265391545744582,0.21011119856513139,Slovakia,0.00352313291391132,0.005235332678051929,0.02539039315937891,0.001941281325668065
2033,0.21078665521197823,0.23344213575557685,0.21205247989079945,Slovakia,0.00352313291391132,0.000788220298131026,0.022655480543598616,0.001941281325668065
2034,0.21430978812588955,0.2346166871602626,0.21399376121646752,Slovakia,0.00352313291391132,0.001174551404685753,0.02030689903437305,0.001941281325668065
2035,0.21783292103980087,0.23945591811572847,0.21593504254213602,Slovakia,0.00352313291391132,0.004839230955465873,0.021622997075927602,0.001941281325668509
2022,0.41248196297537393,0.41248196297537393,0.43386268878760603,Spain,,,0.0,
2023,0.4466850558850523,0.4466850558850523,0.4472316277424895,Spain,0.03420309290967838,0.03420309290967838,0.0,0.013368938954883447
2024,0.4808881487947307,0.47610910971053094,0.4606005666973765,Spain,0.03420309290967838,0.029424053825478635,-0.004779039084199743,0.013368938954887
2025,0.5150912417044091,0.5031669807150787,0.4739695056522599,Spain,0.034203092909678434,0.027057871004547762,-0.011924260989330415,0.013368938954883447
2026,0.5492943346140875,0.530923867653261,0.4873384446071434,Spain,0.03420309290967838,0.027756886938182346,-0.018370466960826448,0.013368938954883447
2027,0.5834974275237659,0.5541860502471954,0.5007073835620304,Spain,0.03420309290967838,0.02326218259393431,-0.029311377276570516,0.013368938954887
2028,0.6177005204334443,0.5751180070223217,0.5140763225169138,Spain,0.03420309290967838,0.02093195677512638,-0.04258251341112251,0.013368938954883447
2029,0.6519036133431226,0.5937082553318574,0.5274452614718008,Spain,0.03420309290967838,0.018590248309535706,-0.058195358011265186,0.013368938954887
2030,0.686106706252801,0.6110724863355285,0.5408142004266843,Spain,0.03420309290967838,0.017364231003671016,-0.07503421991727255,0.013368938954883447
2031,0.7203097991624794,0.6257426795156912,0.5541831393815713,Spain,0.03420309290967838,0.014670193180162716,-0.09456711964678821,0.013368938954887
2032,0.7545128920721578,0.6358026645470201,0.5675520783364547,Spain,0.03420309290967838,0.010059985031328877,-0.11871022752513771,0.013368938954883447
2033,0.7887159849818361,0.645919793816557,0.5809210172913417,Spain,0.03420309290967838,0.010117129269536895,-0.1427961911652792,0.013368938954887
2034,0.8229190778915145,0.6563504588951814,0.5942899562462252,Spain,0.03420309290967838,0.010430665078624446,-0.16656861899633313,0.013368938954883447
2035,0.8571221708011929,0.6698975080990467,0.6076588952011122,Spain,0.03420309290967838,0.013547049203865291,-0.18722466270214622,0.013368938954887
2022,0.6075341160436362,0.6075341160436362,0.5495932116791789,Sweden,,,0.0,
2023,0.5971215935521396,0.5971215935521396,0.5545472886164156,Sweden,-0.0104125224914966,-0.0104125224914966,0.0,0.004954076937236707
2024,0.586709071060643,0.5840455336075151,0.5595013655536523,Sweden,-0.0104125224914966,-0.013076059944624463,-0.002663537453127862,0.004954076937236707
2025,0.5762965485691464,0.5706814174800869,0.564455442490889,Sweden,-0.0104125224914966,-0.01336411612742816,-0.005615131089059422,0.004954076937236707
2026,0.5658840260776498,0.5560603247663736,0.5694095194281257,Sweden,-0.0104125224914966,-0.014621092713713368,-0.00982370131127619,0.004954076937236707
2027,0.5554715035861532,0.5412745213777251,0.5743635963653624,Sweden,-0.0104125224914966,-0.014785803388648433,-0.014196982208428022,0.004954076937236707
2028,0.5450589810946566,0.5252824241680888,0.5793176733025991,Sweden,-0.0104125224914966,-0.015992097209636347,-0.019776556926567768,0.004954076937236707
2029,0.53464645860316,0.5085864124771992,0.5842717502398358,Sweden,-0.0104125224914966,-0.016696011690889634,-0.0260600461259608,0.004954076937236707
2030,0.5242339361116634,0.48997485614137465,0.5892258271770725,Sweden,-0.0104125224914966,-0.01861155633582451,-0.03425907997028871,0.004954076937236707
2031,0.5138214136201668,0.47164470662618485,0.5941799041143092,Sweden,-0.0104125224914966,-0.018330149515189798,-0.042176706993981905,0.004954076937236707
2032,0.5034088911286702,0.45237996487852206,0.5991339810515459,Sweden,-0.0104125224914966,-0.019264741747662795,-0.0510289262501481,0.004954076937236707
2033,0.49299636863717355,0.43359589059060005,0.6040880579887826,Sweden,-0.0104125224914966,-0.018784074287922004,-0.0594004780465735,0.004954076937236707
2034,0.48258384614567695,0.41552496299991654,0.6090421349260193,Sweden,-0.0104125224914966,-0.018070927590683517,-0.06705888314576042,0.004954076937236707
2035,0.47217132365418035,0.39798952887436495,0.613996211863256,Sweden,-0.0104125224914966,-0.017535434125551586,-0.0741817947798154,0.004954076937236707
2022,0.5763501781961071,0.5763501781961071,0.6105449568839587,Switzerland,,,0.0,
2023,0.5820026209928569,0.5820026209928569,0.6139306804747475,Switzerland,0.0056524427967498125,0.0056524427967498125,0.0,0.003385723590788814
2024,0.5876550637896067,0.5770632110326114,0.6173164040655355,Switzerland,0.0056524427967498125,-0.0049394099602455555,-0.010591852756995368,0.0033857235907879257
2025,0.5933075065863566,0.5629030051482903,0.6207021276563243,Switzerland,0.0056524427967498125,-0.014160205884321098,-0.030404501438066278,0.003385723590788814
2026,0.5989599493831064,0.5389817967243015,0.6240878512471131,Switzerland,0.0056524427967498125,-0.023921208423988816,-0.059978152658804906,0.003385723590788814
2027,0.6046123921798562,0.5116247090618269,0.627473574837901,Switzerland,0.0056524427967498125,-0.027357087662474577,-0.0929876831180293,0.0033857235907879257
2028,0.610264834976606,0.4860445049601645,0.6308592984286898,Switzerland,0.0056524427967498125,-0.025580204101662396,-0.1242203300164415,0.003385723590788814
2029,0.6159172777733558,0.4609739756775575,0.6342450220194786,Switzerland,0.0056524427967498125,-0.025070529282607,-0.15494330209579832,0.003385723590788814
2030,0.6215697205701056,0.43562371296496905,0.6376307456102666,Switzerland,0.0056524427967498125,-0.025350262712588445,-0.18594600760513658,0.0033857235907879257
2031,0.6272221633668554,0.411508905516528,0.6410164692010554,Switzerland,0.0056524427967498125,-0.024114807448441022,-0.2157132578503274,0.003385723590788814
2032,0.6328746061636052,0.387394098068087,0.6444021927918433,Switzerland,0.0056524427967498125,-0.024114807448441022,-0.24548050809551825,0.0033857235907879257
2033,0.6385270489603551,0.36361474704626917,0.6477879163826321,Switzerland,0.0056524427967498125,-0.02377935102181783,-0.2749123019140859,0.003385723590788814
2034,0.6441794917571049,0.3400101881476946,0.6511736399734209,Switzerland,0.0056524427967498125,-0.023604558898574546,-0.30416930360941025,0.003385723590788814
2035,0.6498319345538547,0.31649198901102754,0.6545593635642089,Switzerland,0.0056524427967498125,-0.023518199136667084,-0.33333994554282714,0.0033857235907879257
2022,0.39513361248572515,0.39513361248572515,0.34665307753155794,Turkey,,,0.0,
2023,0.43025801652514184,0.43025801652514184,0.3531137234846238,Turkey,0.03512440403941669,0.03512440403941669,0.0,0.0064606459530658356
2024,0.46538242056455853,0.4585703795582365,0.35957436943768784,Turkey,0.03512440403941669,0.028312363033094645,-0.006812041006322045,0.006460645953064059
2025,0.5005068246039752,0.4870830576936613,0.36603501539075367,Turkey,0.03512440403941669,0.028512678135424796,-0.013423766910313939,0.0064606459530658356
2026,0.5356312286433919,0.5157294444281422,0.3724956613438195,Turkey,0.035124404039416635,0.02864638673448089,-0.019901784215249685,0.0064606459530658356
2027,0.5707556326828085,0.5438003647971701,0.37895630729688534,Turkey,0.035124404039416635,0.02807092036902792,-0.0269552678856384,0.0064606459530658356
2028,0.6058800367222251,0.5689835619308247,0.3854169532499494,Turkey,0.035124404039416635,0.025183197133654578,-0.03689647479140046,0.006460645953064059
2029,0.6410044407616418,0.5931830296710383,0.39187759920301524,Turkey,0.035124404039416635,0.024199467740213643,-0.04782141109060345,0.0064606459530658356
2030,0.6761288448010584,0.6162158439204813,0.39833824515608107,Turkey,0.035124404039416635,0.023032814249443034,-0.05991300088057705,0.0064606459530658356
2031,0.711253248840475,0.6403829842568325,0.40479889110914513,Turkey,0.035124404039416635,0.024167140336351145,-0.07087026458364254,0.006460645953064059
2032,0.7463776528798917,0.6641738576006765,0.41125953706221097,Turkey,0.035124404039416635,0.023790873343844,-0.08220379527921517,0.0064606459530658356
2033,0.7815020569193083,0.6932694040565419,0.4177201830152768,Turkey,0.035124404039416635,0.02909554645586543,-0.08823265286276638,0.0064606459530658356
2034,0.8166264609587249,0.7222127362186994,0.42418082896834264,Turkey,0.035124404039416635,0.028943332162157498,-0.09441372474002552,0.0064606459530658356
2035,0.8517508649981416,0.7472191719229464,0.4306414749214067,Turkey,0.035124404039416635,0.025006435704246988,-0.10453169307519516,0.006460645953064059
2022,0.31193976666031814,0.31193976666031814,0.2643214876777016,United Kingdom,,,0.0,
2023,0.3339257472355237,0.3339257472355237,0.2780421590363247,United Kingdom,0.021985980575205566,0.021985980575205566,0.0,0.013720671358623093
2024,0.3559117278107293,0.353091332704386,0.2917628303949513,United Kingdom,0.021985980575205566,0.019165585468862267,-0.0028203951063432986,0.013720671358626646
2025,0.37789770838593484,0.37442381044652046,0.30548350175357797,United Kingdom,0.021985980575205566,0.02133247774213448,-0.003473897939414383,0.013720671358626646
2026,0.3998836889611404,0.3943896829445034,0.3192041731122046,United Kingdom,0.021985980575205566,0.01996587249798293,-0.005494006016637021,0.013720671358626646
2027,0.42186966953634597,0.42531097280661834,0.33292484447083126,United Kingdom,0.021985980575205566,0.030921289862114953,0.0034413032702723667,0.013720671358626646
2028,0.44385565011155154,0.45629194776108845,0.3466455158294579,United Kingdom,0.021985980575205566,0.03098097495447011,0.01243629764953691,0.013720671358626646
2029,0.4658416306867571,0.48545781243452524,0.360366187188081,United Kingdom,0.021985980575205566,0.029165864673436792,0.019616181747768136,0.013720671358623093
2030,0.48782761126196267,0.5146864865801581,0.37408685854670765,United Kingdom,0.021985980575205566,0.029228674145632905,0.026858875318195474,0.013720671358626646
2031,0.5098135918371682,0.5443934031636596,0.3878075299053343,United Kingdom,0.021985980575205566,0.02970691658350144,0.03457981132649135,0.013720671358626646
2032,0.5317995724123737,0.5741943040108632,0.40152820126396094,United Kingdom,0.02198598057520551,0.02980090084720366,0.0423947315984895,0.013720671358626646
2033,0.5537855529875793,0.6041696127954334,0.4152488726225876,United Kingdom,0.02198598057520551,0.02997530878457011,0.0503840598078541,0.013720671358626646
2034,0.5757715335627848,0.634800130195045,0.4289695439812107,United Kingdom,0.02198598057520551,0.030630517399611645,0.05902859663226023,0.013720671358623093
2035,0.5977575141379903,0.6654759592388483,0.4426902153398373,United Kingdom,0.02198598057520551,0.030675829043803282,0.067718445100858,0.013720671358626646
2022,0.2056673077718769,0.2056673077718769,0.17508982286994978,United States,,,0.0,
2023,0.21923492486371943,0.21923492486371943,0.1806629274681697,United States,0.013567617091842538,0.013567617091842538,0.0,0.0055731045982199134
2024,0.23280254195556196,0.23283244038608647,0.1862360320663896,United States,0.013567617091842538,0.013597515522367043,2.989843052450536e-05,0.0055731045982199134
2025,0.2463701590474045,0.24642894025372636,0.19180913666460953,United States,0.013567617091842538,0.013596499867639888,5.878120632185624e-05,0.0055731045982199134
2026,0.259937776139247,0.2595781944713368,0.19738224126282944,United States,0.01356761709184251,0.013149254217610429,-0.00035958166791022483,0.0055731045982199134
2027,0.2735053932310895,0.2731942908346285,0.20295534586104935,United States,0.01356761709184251,0.013616096363291696,-0.0003111023964610382,0.0055731045982199134
2028,0.28707301032293203,0.2868103871979202,0.20852845045926927,United States,0.01356761709184251,0.013616096363291696,-0.0002626231250118516,0.0055731045982199134
2029,0.30064062741477454,0.3005705134660806,0.21410155505748918,United States,0.01356761709184251,0.013760126268160422,-7.01139486939395e-05,0.0055731045982199134
2030,0.31420824450661705,0.31433810537188855,0.2196746596557091,United States,0.01356761709184251,0.013767591905807952,0.00012986086527150276,0.0055731045982199134
2031,0.32777586159845956,0.32784315745173465,0.225247764253929,United States,0.01356761709184251,0.013505052079846092,6.729585327508447e-05,0.0055731045982199134
2032,0.34134347869030207,0.3412025949602254,0.23082086885214892,United States,0.01356761709184251,0.013359437508490779,-0.00014088373007664634,0.0055731045982199134
2033,0.3549110957821446,0.35488386253835075,0.23639397345036883,United States,0.01356761709184251,0.013681267578125322,-2.723324379383385e-05,0.0055731045982199134
2034,0.3684787128739871,0.36806440193415174,0.24196707804858875,United States,0.01356761709184251,0.013180539395800994,-0.0004143109398353495,0.0055731045982199134
2035,0.3820463299658296,0.38124494132995274,0.24754018264680866,United States,0.01356761709184251,0.013180539395800994,-0.0008013886358768652,0.0055731045982199134
